[
    {
      "soal": "Menjadi komandan upacara 17-an, komandan upacara harus siap",
      "jawaban": "Serak",
      "desc": "Jawaban: Serak (Harus siap serak, kan teriak-teriak)"
    },
    {
      "soal": "Galang menyimpan buku di\u2026",
      "jawaban": "Mas",
      "desc": "Jawaban: Mas (Bukunya mas dipinjam galang kemarin sore)"
    },
    {
      "soal": "Mahasiswa yang ingin meraih gelar sarjana harus menyelesaikan...",
      "jawaban": "Sendiri",
      "desc": "Jawaban: Sendiri (Masa kamu pas lagi sidang diwakilin, ngga bisa dong, harus diselesaikan sendiri)"
    },
    {
      "soal": "Yang menarik gerbong kereta api",
      "jawaban": "Lokuatgak",
      "desc": "Jawaban: Lokuatgak"
    },
    {
      "soal": "Sisi x sisi untuk menghitung luas...",
      "jawaban": "Kosan",
      "desc": "Jawaban: Kosan (Selain untuk menghitung luas kotak, sisi x sisi juga bisa untuk menghitung luas kosan)"
    },
    {
      "soal": "Tempat barang yang jarang dipakai dan banyak debunya",
      "jawaban": "Rumah",
      "desc": "Jawaban: Rumah (Rumah kosong itu udah pasti jarang dipakai dan banyak debunya)"
    },
    {
      "soal": "Yang menyebabkan orang haus saat ramadhan",
      "jawaban": "Cuaca",
      "desc": "Jawaban: Cuaca (Wah apalagi kalau cuacanya terik banget, bikin haus)"
    },
    {
      "soal": "Mamat dimarahi ibu guru, karena kemarin ... sekolah",
      "jawaban": "Bobol",
      "desc": "\nJawaban: Bobol (Kalau bobol sekolah, itu perbuatan yang keterlaluan makanya dimarahi ibu guru)"
    },
    {
      "soal": "Apabila mengendarai mobil wajib bawa",
      "jawaban": "Satu",
      "desc": "Jawaban: Satu (Kalo bawa 2 gimana mengendarainya)"
    },
    {
      "soal": "Memasak tempe terlalu lama",
      "jawaban": "Garing",
      "desc": "Jawaban: Garing (Kalau gosong belum tentu, tapi kalau garing udah pasti)"
    },
    {
      "soal": "Tempat barang yang jarang dipakai dan banyak debunya",
      "jawaban": "Rumah",
      "desc": "Jawaban: Rumah (Rumah kosong itu udah pasti jarang dipakai dan banyak debunya)"
    },
    {
      "soal": "Orang batuk, dilarang minum...",
      "jawaban": "Bensin",
      "desc": "Jawaban: Bensin (Wah sangat tidak disarankan kalau lagi batuk minum bensin, bukan batuk aja yang makin parah tapi nyawa juga terancam, makanya dilarang)"
    },
    {
      "soal": "Kita bisa dengar suara motor lewat...",
      "jawaban": "Kampung",
      "desc": "Jawaban: Kampung (Kalau ada motor lewat kita bisa dengar kan? Itu motor lagi lewat kampung rumah kita)"
    },
    {
      "soal": "Gajah bisa menyemprotkan air karena punya...",
      "jawaban": "Kemauan",
      "desc": "Jawaban: Kemauan (Gajah nyemprotin air itu atas kemaunnya sendiri, ngga nyemprot gitu aja, misalnya nyemprotin air pas lagi mau mandi)"
    },
    {
      "soal": "Halaman menjadi lebih indah kalau dikasih...",
      "jawaban": "Rumah",
      "desc": "Jawaban: Rumah (Ya percuma dong kalau halaman ngga ada rumahnya, itu disebutnya lahan kosong bukan halaman)"
    },
    {
      "soal": "Harimau mati meninggal kan",
      "jawaban": "Setuju",
      "desc": "Jawaban: Setuju (Harimau mati meninggal kan? Setuju! Harimau yang mati pasti meninggal)"
    },
    {
      "soal": "Sebelum jadi katak, anak katak disebut",
      "jawaban": "Remaja",
      "desc": "Jawaban: Remaja (Nah proses sebelum menjadi dewasa yaitu menjadi katak, anak katak harus melalui masa-masa remaja dulu kan)"
    },
    {
      "soal": "Tidak punya uang sepeserpun",
      "jawaban": "Kera",
      "desc": "Jawaban: Kera (Kera memang punya uang? Mau disimpan dimana coba)"
    },
    {
      "soal": "Kambing yang ditusuk-tusuk dan siap dibakar, jadi...",
      "jawaban": "Lari",
      "desc": "Jawaban: Lari (Hewan itu pasti lari dong, dia kan ngga mau kalau dijadiin sate)"
    },
    {
      "soal": "Selain motor, truk, bus, di jalan raya juga ada...",
      "jawaban": "IIIII",
      "desc": "Jawaban: IIIII (Kalau kamu jeli, kamu pasti lihat kalau di jalan raya itu ada marka jalan yang garisnya putus-putus)"
    },
    {
      "soal": "Minuman yang kita masukkan ke kulkas, pasti...",
      "jawaban": "Ringan",
      "desc": "Jawaban: Ringan (Yang kita masukkan ke dalam kulkas pasti minuman yang ringan, memangnya seberat apa minuman yang dimasukkan ke dalam kulkas?)"
    },
    {
      "soal": "Supaya tampil maksimal, seorang penyanyi harus cek...",
      "jawaban": "Saldo",
      "desc": "\nJawaban: Saldo (Sebelum tampil biasanya penyanyi cek saldo dulu, apakah dp atau bayarannya sudah masuk atau belum, supaya tampil maksimal dong)"
    },
    {
      "soal": "Orang yang tidur, kedua matanya harus...",
      "jawaban": "Dekat",
      "desc": "Jawaban: Dekat (Kalau berjauhan kedua matanya mana bisa tidur, yang ada matanya malah kebuka terus, jadi mata bagian atas dan bawah harus dekat supaya bisa nutup)"
    },
    {
      "soal": "Lawannya gemuk",
      "jawaban": "Takut",
      "desc": "\nJawaban: Takut (Ih, takut kalau lawannya gemuk)"
    },
    {
      "soal": "Matahari, bulan, bintang, awan, pesawat, burung..., Itu semuanya ada di...",
      "jawaban": "Bacain",
      "desc": "Jawaban: Bacain (Tadi semuanya itu udah dibacain ke kamu kan)"
    },
    {
      "soal": "Supaya lebih cepat sampai di tujuan, orang biasanya memilih alternatif lewat jalan...",
      "jawaban": "Terus",
      "desc": "Jawaban: Terus (Karena kalau ngga jalan terus ngga ketemu-ketemu jalan alternatif yang dicari)"
    },
    {
      "soal": "Untuk menyalakan lampu, kita harus pencet...",
      "jawaban": "Sekali",
      "desc": "Jawaban: Sekali (Kalau dari posisi mati terus kita pencet dua kali saklarnya ya pasti mati lagi lampunya)"
    },
    {
      "soal": "Bersatu kita teguh bercerai kita",
      "jawaban": "Sedih",
      "desc": "Jawaban: Sedih (Siapa yang gak sedih cerai sama istri??)"
    },
    {
      "soal": "Matahari, bulan, bintang, awan, pesawat, burung..., Itu semuanya ada di...",
      "jawaban": "Bacain",
      "desc": "Jawaban: Bacain (Tadi semuanya itu udah dibacain ke kamu kan)"
    },
    {
      "soal": "Rasanya pedas",
      "jawaban": "Sshahh",
      "desc": "Jawaban: Sshahh (Kalau kamu makan makanan pedas rasanya gimana? Pasti keluar bunyi \"sshahh\")"
    },
    {
      "soal": "Es es apa yang bisa jalan?",
      "jawaban": "Eskalator",
      "desc": "Kalau ga jalan bukan es kalator tapi tangga kalator"
    },
    {
      "soal": "Mulutmu ………..",
      "jawaban": "Hanyasatu",
      "desc": "Mulut kan emang cuma satu"
    },
    {
      "soal": "Ada udang di balik…",
      "jawaban": "Gnadu",
      "desc": "Itu fakta"
    },
    {
      "soal": "Hati senang walaupun tak punya...",
      "jawaban": "Kaca",
      "desc": "Tidak ada alasan"
    },
    {
      "soal": "Suami bu camat?",
      "jawaban": "Laki",
      "desc": "Karena kalo gak laki lesbi, dosa…"
    },
    {
      "soal": "Hujan turun dari?",
      "jawaban": "Maghrib",
      "desc": "karena Ashar belum turun"
    },
    {
      "soal": "Burung terbang dengan?",
      "jawaban": "Semaunya",
      "desc": "Emang sayapnya doang terbang"
    },
    {
      "soal": "Seekor rusa memiliki?",
      "jawaban": "Teman",
      "desc": "Karena kolomnya ada enam"
    },
    {
      "soal": "Burung adalah hewan yang bisa?",
      "jawaban": "Temenan",
      "desc": "Ya bisa lah temenan masa lu aja yang temenan"
    },
    {
      "soal": "Bendera NKRI warnanya?",
      "jawaban": "dua",
      "desc": "Ya cuma dua, emangnya tiga"
    },
    {
      "soal": "Ketika apa orang biasanya makan?",
      "jawaban": "Marah",
      "desc": "Marah, mau marah atau nggak ya pasti makan"
    },
    {
      "soal": "Kenapa orang makan dengan tangan kanan?",
      "jawaban": "Makanan",
      "desc": "Karena makanan, kalau pakai tangan kiri namanya makiri"
    },
    {
      "soal": "Apakah yang dilakukan orang ketika sakit?",
      "jawaban": "Pulang",
      "desc": "Ya pulang, masa diem di rumah sakit"
    },
    {
      "soal": "Yang sering mendapat nilai 100 saat ulangan yaitu?",
      "jawaban": "Kertas",
      "desc": "Kertas, karena kertas yang di coret, bukan lu"
    },
    {
      "soal": "Selain mobil, bus, pesawat, orang pergi dari Jakarta ke Surabaya biasanya menggunakan?",
      "jawaban": "Celana",
      "desc": "Masa gak pakek celana kalo keluar kota"
    },
    {
      "soal": "Di rumah makan Padang, selain pakai sendok kita makan pakai?",
      "jawaban": "Tenaga",
      "desc": "Gak ada tenaga gak bisa makan dong"
    },
    {
      "soal": "Biasa digunakan untuk menyalakan atau mematikan TV dan AC?",
      "jawaban": "Tolong",
      "desc": "Gak pakek kata tolong mana bisa matiin TV"
    },
    {
      "soal": "Seseorang yang memimpin sebuah desa, biasanya dipanggil pak?",
      "jawaban": "Noleh",
      "desc": "Klao gak noleh sombong"
    },
    {
      "soal": "Senikmat-nikmatnya makan di luar lebih nikmat makan di?",
      "jawaban": "Telan",
      "desc": "Gak di telan, bukan nikmat namanya"
    },
    {
      "soal": "Makan duit rakyat disebut?",
      "jawaban": "Debus",
      "desc": "Tidak ada alasan"
    },
    {
      "soal": "Ikan bernapas di air dengan?",
      "jawaban": "Tenang",
      "desc": "Emang kayak manusia, tenggelem panik"
    },
    {
      "soal": "Binatang yang hinggap di makanan?",
      "jawaban": "Lapar",
      "desc": "Ya pasti lapar lah"
    },
    {
      "soal": "Di dalam perpustakaan tidak boleh?",
      "jawaban": "Keramas",
      "desc": "Emang boleh keramas?"
    },
    {
      "soal": "Saat syukuran biasanya kita menyediakan?",
      "jawaban": "Ruangan",
      "desc": "Kalo gak ada ruangan gimana?, suruh duduk di jalan?"
    },
    {
      "soal": "Permen apa yang bagian gulanya ada di luar, tapi bungkusnya justru di dalam?",
      "jawaban": "Permen salah bikin",
      "desc": "Salah bikin permen"
    },
    {
      "soal": "Apa yang bulat, kecil, kadang hitam, kadang putih, terus kalau dipencet bisa keluar orangnya?",
      "jawaban": "Bel rumah",
      "desc": "Kan emang"
    },
    {
      "soal": "Pintu apa yang didorong lima orang tetap tidak mau terbuka?",
      "jawaban": "Pintu tulisannya tarik",
      "desc": "Kalo tulisannya tarik masa di dorong"
    },
    {
      "soal": "Jauh di mata, tapi dekat di hati, apakah itu?",
      "jawaban": "Usus",
      "desc": "Kan emang usus"
    },
    {
      "soal": "Gajah naik motor kelihatan apanya?",
      "jawaban": "Bohongnya",
      "desc": "Emang ada gajah naik motor"
    }
  ]