[
    {
        "pertanyaan": "Bagai anak ____ kehilangan induknya",
        "jawaban": "Ayam"
    },
    {
        "pertanyaan": "Bagai air di ____ talas",
        "jawaban": "Daun"
    },
    {
        "pertanyaan": "Hidup dikandung _______ mati dikandung tanah",
        "jawaban": "Adat"
    },
    {
        "pertanyaan": "Jauh di _______ , dekat di hati",
        "jawaban": "Mata"
    },
    {
        "pertanyaan": "Tak ada rotan _______ pun jadi",
        "jawaban": "Akar"
    },
    {
        "pertanyaan": "Utang emas boleh dibayar, Utang _______ dibawa mati",
        "jawaban": "Budi"
    },
    {
        "pertanyaan": "Ada udang dibalik _______",
        "jawaban": "Batu"
    },
    {
        "pertanyaan": "Ada _______ ada semut",
        "jawaban": "Gula"
    },
    {
        "pertanyaan": "Kura _______ dalam Perahu",
        "jawaban": "Kura"
    },
    {
        "pertanyaan": "Ada _______ ada api",
        "jawaban": "Asap"
    },
    {
        "pertanyaan": "Bagai _______ dan langit",
        "jawaban": "Bumi"
    },
    {
        "pertanyaan": "Daripada hujan _______ di negeri orang, lebih baik hujan batu di negeri sendiri",
        "jawaban": "Emas"
    },
    {
        "pertanyaan": "Dikasih _______ minta jantung",
        "jawaban": "Hati"
    },
    {
        "pertanyaan": "_______ lubang tutup lubang",
        "jawaban": "Gali"
    },
    {
        "pertanyaan": "Hangat hangat _______ ayam",
        "jawaban": "Tahi"
    },
    {
        "pertanyaan": "Hemat pangkal _______ , rajin pangkal pandai",
        "jawaban": "Kaya"
    },
    {
        "pertanyaan": "_______ bertanya sesat dijalan",
        "jawaban": "Malu"
    },
    {
        "pertanyaan": "_______ sudah menjadi bubur",
        "jawaban": "Nasi"
    },
    {
        "pertanyaan": "Pucuk dicinta _______ pun tiba",
        "jawaban": "Ulam"
    },
    {
        "pertanyaan": "Seperti ilmu _______ makin berisi makin merunduk",
        "jawaban": "Padi"
    },
    {
        "pertanyaan": "Tong ___________ nyaring bunyinya",
        "jawaban": "kosong"
    },
    {
        "pertanyaan": "Senjata _________ tuan",
        "jawaban": "Makan"
    },
    {
        "pertanyaan": "Tak ada ___________ yang tak retak",
        "jawaban": "Gading"
    },
    {
        "pertanyaan": "Tuntutlah _______ hingga ke negeri Cina",
        "jawaban": "Ilmu"
    },
    {
        "pertanyaan": "Besar _________ dari pada tiang",
        "jawaban": "Pasak"
    },
    {
        "pertanyaan": "Sepandai-pandainya _________ melompat, sekali waktu jatuh juga",
        "jawaban": "Tupai"
    },
    {
        "pertanyaan": "Hancur _________ dikandung tanah, budi baik dikenang juga",
        "jawaban": "Badan"
    },
    {
        "pertanyaan": "Bersatu kita teguh, _______________ kita runtuh",
        "jawaban": "Bercerai"
    },
    {
        "pertanyaan": "Habis manis _________ dibuang",
        "jawaban": "Sepah"
    },
    {
        "pertanyaan": "Hidup _________ mati tak hendak/mau",
        "jawaban": "Segan"
    },
    {
        "pertanyaan": "Lain ladang lain belalang, lain _________ lain ikannya",
        "jawaban": "Lubuk"
    },
    {
        "pertanyaan": "Menjilat _________ sendiri",
        "jawaban": "Ludah"
    },
    {
        "pertanyaan": "Memancing di air _________",
        "jawaban": "Ludah"
    },
    {
        "pertanyaan": "_________ makan tanaman",
        "jawaban": "Pagar"
    },
    {
        "pertanyaan": "Seperti kuda _________ dari pinggitan",
        "jawaban": "Lepas"
    },
    {
        "pertanyaan": "Air ___________ tanda tak dalam",
        "jawaban": "Beriak"
    },
    {
        "pertanyaan": "Ayam berkokok hari _________",
        "jawaban": "Siang"
    },
    {
        "pertanyaan": "Bagai air di daun _________",
        "jawaban": "Talas"
    },
    {
        "pertanyaan": "Bagai _________ dalam tempurung",
        "jawaban": "Katak"
    },
    {
        "pertanyaan": "Di mana bumi di _________ disitu langit dijunjung",
        "jawaban": "Pijak"
    },
    {
        "pertanyaan": "Guru kencing berdiri, _________ kencing berlari",
        "jawaban": "Murid"
    },
    {
        "pertanyaan": "Kecil-kecil cabai _________",
        "jawaban": "Rawit"
    },
    {
        "pertanyaan": "Sudah _________ tertimpa tangga",
        "jawaban": "Jatuh"
    },
    {
        "pertanyaan": "Sambil menyelam _________ air",
        "jawaban": "Minum"
    },
    {
        "pertanyaan": "Seperti ayam kehilangan _________",
        "jawaban": "Induk"
    },
    {
        "pertanyaan": "Sedia payung sebelum _________",
        "jawaban": "Hujan"
    },
    {
        "pertanyaan": "Sedikit demi sedikit lama-lama menjadi _________",
        "jawaban": "Bukit"
    },
    {
        "pertanyaan": "_________ mati dilumbung padi",
        "jawaban": "Tikus"
    },
    {
        "pertanyaan": "_________ ke bawah tumpul ke atas",
        "jawaban": "Tajam"
    },
    {
        "pertanyaan": "_________ adalah uang",
        "jawaban": "Waktu"
    },
    {
        "pertanyaan": "Badai _________ berlalu",
        "jawaban": "Pasti"
    },
    {
        "pertanyaan": "_________ dalam selimut",
        "jawaban": "Musuh"
    },
    {
        "pertanyaan": "Umur setahun ___________ , darah setapuk pinang",
        "jawaban": "Jagung"
    },
    {
        "pertanyaan": "Bagaikan ___________ dalam sangkar",
        "jawaban": "Burung"
    },
    {
        "pertanyaan": "Ada uang ada ___________",
        "jawaban": "Barang"
    },
    {
        "pertanyaan": "Air ___________ tanda tak dalam",
        "jawaban": "Beriak"
    },
    {
        "pertanyaan": "Bagai ___________ dibelah dua",
        "jawaban": "Pinang"
    },
    {
        "pertanyaan": "Diam ___________ bahasa",
        "jawaban": "Seribu"
    },
    {
        "pertanyaan": "Harimau mati meninggalkan ___________ , gajah mati meninggalkan gading",
        "jawaban": "Belang"
    },
    {
        "pertanyaan": "___________ lupa akan kulitnya",
        "jawaban": "Kacang"
    },
    {
        "pertanyaan": "___________ batu sembunyi tangan",
        "jawaban": "Lempar"
    },
    {
        "pertanyaan": "Air ___________ menghanyutkan",
        "jawaban": "Tenang"
    },
    {
        "pertanyaan": "Datang tak dijemput ___________ tidak diantar",
        "jawaban": "Pulang"
    },
    {
        "pertanyaan": "Dari ___________ yang jernih tak akan mengalir air yang keruh",
        "jawaban": "Telaga"
    },
    {
        "pertanyaan": "___________ badan dikandung tanah budi baik terkenang juga",
        "jawaban": "Hancur"
    },
    {
        "pertanyaan": "___________ berbulu ayam",
        "jawaban": "Musang"
    },
    {
        "pertanyaan": "Tak ada ___________ yang tak retak",
        "jawaban": "Gading"
    },
    {
        "pertanyaan": "Tua-tua ___________ makin tua makin menjadi",
        "jawaban": "Keladi"
    },
    {
        "pertanyaan": "Berat sama ___________ , ringan sama dijinjing",
        "jawaban": "Dipikul"
    },
    {
        "pertanyaan": "Bagai ___________ merindukan bulan",
        "jawaban": "Pungguk"
    },
    {
        "pertanyaan": "Air susu ___________ dengan air tuba",
        "jawaban": "Dibalas"
    },
    {
        "pertanyaan": "Bagai burung dalam ___________",
        "jawaban": "Sangkar"
    },
    {
        "pertanyaan": "Berguru kepalang ajar seperti bunga ___________ tak jadi",
        "jawaban": "Kembang"
    },
    {
        "pertanyaan": "Anjing menggonggong kafilah ___________",
        "jawaban": "Berlalu"
    },
    {
        "pertanyaan": "Dunia tak ___________ daun kelor",
        "jawaban": "Selebar"
    },
    {
        "pertanyaan": "Gajah di ___________ mata tak tampat, semut diseberang lautan tampak",
        "jawaban": "Pelupuk"
    },
    {
        "pertanyaan": "Gajah mati meninggalkan gading, ___________ mati meninggalkan belang",
        "jawaban": "Harimau"
    },
    {
        "pertanyaan": "Menepuk air di dulang, terpercik muka ___________",
        "jawaban": "Sendiri"
    },
    {
        "pertanyaan": "Seperti pinang ___________ dua",
        "jawaban": "Dibelah"
    },
    {
        "pertanyaan": "Bagai air di _______ talas",
        "jawaban": "Daun"
    },
    {
        "pertanyaan": "Dari semak ke ___________",
        "jawaban": "Belukar"
    },
    {
        "pertanyaan": "Daripada hidup bercermin ___________ , lebih baik mati berkalang tanah",
        "jawaban": "Bangkai"
    },
    {
        "pertanyaan": "Habis _________ sepah dibuang",
        "jawaban": "Manis"
    },
    {
        "pertanyaan": "Jauh di _______ , dekat di hati",
        "jawaban": "Mata"
    },
    {
        "pertanyaan": "Maksud hati memeluk ___________ , apa daya tangan tak sampai",
        "jawaban": "Gunung"
    },
    {
        "pertanyaan": "Malu _______________ sesat di jalan",
        "jawaban": "Bertanya"
    },
    {
        "pertanyaan": "Sambil _______________ minum air",
        "jawaban": "Menyelam"
    },
    {
        "pertanyaan": "Ada uang abang di ___________ , tak ada uang abang melayang",
        "jawaban": "Sayang"
    },
    {
        "pertanyaan": "Air susu dibalas dengan air _______",
        "jawaban": "Tuba"
    },
    {
        "pertanyaan": "Kacang lupa akan _______________",
        "jawaban": "Kulitnya"
    },
    {
        "pertanyaan": "_______________ air ludah",
        "jawaban": "Menjilat"
    },
    {
        "pertanyaan": "_______________ berburu/berbulu domba",
        "jawaban": "Serigala"
    },
    {
        "pertanyaan": "Lidah tak _______________",
        "jawaban": "Bertulang"
    },
    {
        "pertanyaan": "Selama hayat masih di _____________ badan",
        "jawaban": "Kandung"
    },
    {
        "pertanyaan": "Jangan _________________ di air keruh",
        "jawaban": "Bercermin"
    }
]
