{
	"id" : 2,
	"name": "Al Fatihah",
	"arabic":  "بِسْمِ اللَّـهِ الرَّحْمَـٰنِ الرَّحِيمِ ﴿١﴾الْحَمْدُ لِلَّـهِ رَبِّ الْعَالَمِينَ ﴿٢﴾ الرَّحْمَـٰنِ الرَّحِيمِ ﴿٣﴾ مَالِكِ يَوْمِ الدِّينِ ﴿٤﴾ إِيَّاكَ نَعْبُدُ وَإِيَّاكَ نَسْتَعِينُ ﴿٥﴾ اهْدِنَا   الصِّرَاطَ الْمُسْتَقِيمَ ﴿٦﴾ صِرَاطَ الَّذِينَ أَنْعَمْتَ عَلَيْهِمْ غَيْرِ الْمَغْضُوبِ عَلَيْهِمْ وَلَا الضَّالِّينَ ﴿٧",
	"latin" : "1. Bismillahirrahmanirrahim, 2. Alhamdulillahi rabbil alamin, 3. Arrahmaanirrahiim, 4. Maaliki yaumiddiin, 5. Iyyaka nabudu waiyyaaka nastaiin, 6. Ihdinashirratal mustaqim, 7. shiratalladzina an&rsquo;amta alaihim ghairil maghduubi alaihim waladhaalin",
	"terjemahan" : "1. Dengan menyebut nama Allah Yang Maha Pemurah lagi Maha Penyayang, 2. Segala puji bagi Allah, Tuhan semesta alam, 3. Maha Pemurah lagi Maha Penyayang, 4. Yang menguasai di Hari Pembalasan, 5. Hanya Engkaulah yang kami sembah, dan hanya kepada Engkaulah kami meminta pertolongan, 6. Tunjukilah kami jalan yang lurus, 7. (yaitu) Jalan orang-orang yang telah Engkau beri nikmat kepada mereka; bukan (jalan) mereka yang dimurkai dan bukan (pula jalan) mereka yang sesat"
}
