[
	{
	"id" : 5,
	"name": "Bacaan Duduk Diantara Dua Sujud",
	"arabic":  "رَبِّ اغْفِرْلِيْ وَارْحَمْنِيْ وَاجْبُرْنِيْ وَارْفَعْنِيْ وَارْزُقْنِيْ وَاهْدِنِيْ وَعَافِنِيْ وَاعْفُ عَنِّيْ",
	"latin" : "Rabbighfirli Warhamni Wajburnii Warfaknii Warzuqnii Wahdinii Wa'aafinii Wa'fuannii",
	"terjemahan" : "Ya Allah,ampunilah dosaku,belas kasihinilah aku dan cukuplah segala kekuranganku da angkatlah derajatku dan berilah rezeki kepadaku,dan berilah aku petunjuk dan berilah kesehatan padaku dan berilah ampunan kepadaku"
	}
]
