{
	"id" : 1,
	"name": "Bacaan Iftitah",
	"arabic":  "اللَّهُ أَكْبَرُ كَبِيرًا وَالْحَمْدُ لِلَّهِ كَثِيرًا وَسُبْحَانَ اللَّهِ بُكْرَةً وَأَصِيلاً , إِنِّى وَجَّهْتُ وَجْهِىَ لِلَّذِى فَطَرَ السَّمَوَاتِ وَالأَرْضَ حَنِيفًا وَمَا أَنَا مِنَ الْمُشْرِكِينَ إِنَّ صَلاَتِى وَنُسُكِى وَمَحْيَاىَ وَمَمَاتِى لِلَّهِ رَبِّ الْعَالَمِينَ لاَ شَرِيكَ لَهُ وَبِذَلِكَ أُمِرْتُ وَأَنَا أَوَّلُ الْمُسْلِمِينَ",
	"latin" : "Alloohu akbar kabiirow wal hamdu lillaahi katsiiroo wasubhaanalloohi bukrotaw wa-ashiilaa, Innii wajjahtu wajhiya lilladzii fathoros samaawaati wal ardlo haniifaa wamaa ana minal musyrikiin. Inna sholaatii wa nusukii wamahyaa wa mamaatii lillaahi robbil &lsquo;aalamiin. Laa syariikalahu wa bidzaalika umirtu wa ana awwalul muslimiin",
	"terjemahan" : "Allah Maha Besar dengan sebesar-besarnya, segala puji bagi Allah dengan pujian yang banyak. Mahasuci Allah pada waktu pagi dan petang, Sesungguhnya aku hadapkan wajahku kepada Allah yang telah menciptakan langit dan bumi dalam keadaan tunduk dan aku bukanlah dari golongan orang-orang musyrik. Sesungguhnya shalatku, sembelihanku, hidupku dan matiku hanya untuk Allah Tuhan semesta alam. Tidak ada sekutu bagiNya. Dan dengan yang demikian itu lah aku diperintahkan. Dan aku adalah orang yang pertama berserah diri"
}
