{
	"id" : 7,
	"name": "Duduk Tasyahud Akhir",
	"arabic":  "اَلتَّحِيَّاتُ الْمُبَارَكَاتُ الصَّلَوَاتُ الطَّيِّبَاتُ ِللهِ، السَّلاَمُ عَلَيْكَ اَيُّهَا النَّبِيُّ وَرَحْمَةُ اللهِ وَبَرَكَاتُهُ، السَّلاَمُ عَلَيْنَا وَعَلَى عِبَادِاللهِ الصَّالِحِيْنَ، أَشْهَدُ اَنْ لآ إِلَهَ إِلاَّاللهُ وَاَشْهَدُ أَنَّ مُحَمَّدًا رَسُوْلُ اللهُ، اَللهُمَّ صَلِّ عَلَى سَيِّدِنَا مُحَمَّدٍ وَعَلَى آلِ سَيِّدِنَا مُحَمَّدٍ، كَمَا صَلَّيْتَ عَلَى سَيِّدِنَا اِبْرَاهِيْمَ وَعَلَى آلِ سَيِّدِنَا اِبْرَاهِيْمَ وَبَارِكْ عَلَى سَيِّدِنَا مُحَمَّدٍ وَعَلَى آلِ سَيِّدِنَا مُحَمَّدٍ كَمَا بَرَكْتَ عَلَى سَيِّدِنَا اِبْرَاهِيْمَ وَعَلَى آلِ سَيِّدِنَا اِبْرَاهِيْمَ فِى الْعَالَمِيْنَ إِنَّكَ حَمِيْدٌ مَجِيْدٌ",
	"latin" : "Attahiyyaatul mubaarokaatush sholawaatuth thoyyibaatu lillaah. Assalaamualaika ayyuhan nabiyyu wa rohmatulloohi wa barokaatuh. Assalaaamualainaa wa alaa ibaadillaahish shoolihiin. Asyhadu allaa ilaaha illallooh wa asyhadu anna Muhammadar rosuulullooh. Allahumma Shalli Ala Sayyidina Muhammad Wa Ala Ali Sayyidina Muhammad. Kama Shollaita Ala Sayyidina Ibrahim wa alaa aali sayyidina Ibrahim, wabaarik ala Sayyidina Muhammad Wa Alaa Ali Sayyidina Muhammad, Kama barokta alaa Sayyidina Ibrahim wa alaa ali Sayyidina Ibrahim, Fil aalamiina innaka hamiidummajid",
	"terjemahan" : "Segala penghormatan yang berkat solat yang baik adalah untuk Allah. Sejahtera atas engkau wahai Nabi dan rahmat Allah serta keberkatannya. Sejahtera ke atas kami dan atas hamba-hamba Allah yang soleh. Aku bersaksi bahwa tiada Tuhan melainkan Allah dan aku bersaksi bahwasanya Muhammad itu adalah pesuruh Allah. Ya Tuhan kami, selawatkanlah ke atas Nabi Muhammad dan ke atas keluarganya. Sebagaimana Engkau selawatkan ke atas Ibrahim dan atas keluarga Ibrahim. Berkatilah ke atas Muhammad dan atas keluarganya sebagaimana Engkau berkati ke atas Ibrahim dan atas keluarga Ibrahim di dalam alam ini. Sesungguhnya Engkau Maha Terpuji lagi Maha Agung"
}
