[
  {
    "teks": "Pakai baju ukurannya pas\nBaju biru pemberian mertua\nJangan lupa belajar dengan ikhlas\nAgar kelak mendapat ridho_Nya",
    "tipe": "Pantun Bijak"
  },
  {
    "teks": "Orang bijak cinta bahasa\nBahasa luas Bahasa masyarakat\nBahasa itu menunjukan Bangsa\nBangsa terhotmat punya martabat",
    "tipe": "Pantun Pendidikan"
  },
  {
    "teks": "Kepada siapa datangnya wahyu\nKepada Nabi wahyu turun\nDari mana datangnya ilmu\nDari belajar dengan tekun",
    "tipe": "Pantun Nasihat"
  },
  {
    "teks": "Citah perang melawan citah\nSeekor pelatuk mati di tengah\nJika kau tak mahu sekolah\nAyah bunda pasti gelisah",
    "tipe": "Pantun Pendidikan"
  },
  {
    "teks": "Ada gadis perawan,\npaling cantik di kampungnya.\nHormatilah ibumu kawan,\nAda surga di telapak kakinya.",
    "tipe": "Pantun Agama"
  },
  {
    "teks": "Para hadirin tegap dan hormat,\nKarena telah dimulai upacara,\nKarena pejuang-pejuang hebat,\n17-8-1945 Indonesia raih merdeka",
    "tipe": "Pantun Kemerdekaan"
  },
  {
    "teks": "Seram sekali Bukit Hantu,\npergi sendiri membawa lampu.\nOrang lain takkan membantu,\njika malas jadi tabiatmu.",
    "tipe": "Pantun Nasihat"
  },
  {
    "teks": "Udan-udan ngeyup ngisor wit gedhang,\nwegah sangu payung amarga ngrepoti\nPangapura sampeyan kulo gadang-gadang\nkita raketke pasederekan ing dina riyadi.",
    "tipe": "Pantun Bahasa Jawa"
  },
  {
    "teks": "Gelang emas di dalam peti\nhilang satu di taman melati\nKasih sayang yang sejati\nmembawamu bahagia hingga mati",
    "tipe": "Pantun Cinta"
  },
  {
    "teks": "Makan mendoan di kantin sekolah,\nMinum teh sisri bersama Falah.\nMaaf jika aku telah berbuat salah,\nKasih tahu aku InsyaAllah bisa berubah.",
    "tipe": "Pantun Agama"
  },
  {
    "teks": "Manis sungguh gula Melaka\nJangan dibancuh dibuat serbat\nSungguh teguh adat pusaka\n Biar mati anak jangan mati adat",
    "tipe": "Pantun Adat"
  },
  {
    "teks": "Jangan patahkan atap mengkuang\nAtap patah kumbangpun lalu\nJangan patahkan cakap orang\nCakap patah orangnya malu",
    "tipe": "Pantun Nasihat"
  },
  {
    "teks": "Bukan lebah sembarang lebah\nLebah bersarang di buku buluh\nBukan sembah sembarang sembah\nSembah bersarang jari sepuluh",
    "tipe": "Pantun Adat"
  },
  {
    "teks": "Anak kera di atas bukit\nDipanah oleh Indera Sakti\nDipandang muka senyum sedikit\nKarena sama menaruh hati",
    "tipe": "Pantun Cinta"
  },
  {
    "teks": "Mencari motor di tempat persewaan\nMenyewa motor untuk pergi pacaran\nSeberat apapun sebuah pekerjaan\nAkan terasa ringan bila tidak dikerjakan",
    "tipe": "Pantun Jenaka"
  },
  {
    "teks": "Hari minggu pergi berburu\nBerburu rusa bersama teman\nAnak baik hormati guru\nItu namanya murid budiman",
    "tipe": "Pantun Pendidikan"
  },
  {
    "teks": "Kitab Shafie berjudul Risalah\nAda terjemahan ke bahasa Melayu\nKuat hubungan dengan Allah\nIbu yang ikut wahyu",
    "tipe": "Pantun Ibu"
  },
  {
    "teks": "Burung Glatik\nLagi hinggap di batu. . .\nKamu memang cantik\nTapi kok badannya bau",
    "tipe": "Pantun Jenaka"
  },
  {
    "teks": "Makan tahu bumbu petis\nDuduk sendiri sambil merenung\nAku bukan lelaki romantis\nNamun kesetiaanku setinggi gunung",
    "tipe": "Pantun Cinta"
  },
  {
    "teks": "Kalau keladi sudah ditanam\nJangan lagi meminta balas\nKalau budi sudah ditanam\nJangan lagi meminta balas",
    "tipe": "Pantun Budi"
  },
  {
    "teks": "Bayi lahir mestine nangis,\ngawe gila nek ngguyu mringis.\nLebaran sungkem wongtuwo ojo lali\nkang ngrumat awakmu wiwit bayi",
    "tipe": "Pantun Bahasa Jawa"
  },
  {
    "teks": "Nahkoda bekerja di hari Minggu\nKapal besar siap berlayar\nPergi sekolah untuk menuntut ilmu\nHormati guru dengan tekun belajar",
    "tipe": "Pantun Guru"
  },
  {
    "teks": "Burung dara terbang melanglang\nHinggapnya di pucuk pepohonan\nSetiap kali ayah pulang\nSelalu saja banyak makanan",
    "tipe": "Pantun Anak-anak"
  },
  {
    "teks": "Anak-anak bermain batu\nBatu dilempar satu persatu\nBerbadan lurus matanya satu\nEkornya tajam apakah itu?\n(Jawabannya: Jarum)",
    "tipe": "Pantun Teka-Teki"
  },
  {
    "teks": "Beli nasi di warung pak ketut\nSungguh enak rasa masakannya\nMaksud hati ingin kentut\nApalah daya keluar isinya",
    "tipe": "Pantun Jenaka"
  },
  {
    "teks": "Kancil menulis di daun lontar\nKetika mentari telah bersinar\nBelajar tak sekedar pintar\nNamun menjadi pribadi benar",
    "tipe": "Pantun Nasihat"
  },
  {
    "teks": "Berlayar perahu dari Berandan,\nMenuju arah Selat Malaka,\nLebar kepala dari badan,\nApakah itu coba kau terka?\n(Jawabannya: Ikan pari)",
    "tipe": "Pantun Teka-Teki"
  },
  {
    "teks": "Layangan putus nyangkut di paku\nPakunya nempel di jemuran baju\nCinta mu tulus hanya untuk ku\nTapi sayang mama ku ngga setuju",
    "tipe": "Pantun Jenaka"
  },
  {
    "teks": "Menuntut ilmu butuh pemahaman\nSudah paham, jangan disalahgunakan\nJika jodoh di tangan tuhan\nMaka dekatkanlah diri kepada tuhan",
    "tipe": "Pantun Cinta"
  },
  {
    "teks": "Sungguh indah pohon di musim semi\nDaunnya indah banyak dipetiki\nBanyak - banyaklah bersilaturahmi\nKarena silaturahmi penyambung rezeki",
    "tipe": "Pantun Nasihat"
  },
  {
    "teks": "Nagara tentrem amarga para satria pinandhita,\nbengi shalat tahajud, awan sregep makarya.\nSugeng riyadi, sedaya kalepatan kula nyuwun pangapura\nLatihan pasa sewulan mugi kita dados manungsa takwa",
    "tipe": "Pantun Bahasa Jawa"
  },
  {
    "teks": "Buat rumah di hutan belukar\nPohon rusak jadi tontonan\nHutan bukan untuk dibakar\nTapi untuk sumber kehidupan",
    "tipe": "Pantun Alam"
  },
  {
    "teks": "Harum wanginya bunga selasih\nTersiram hujan daunnya basah\nBelahan jiwa curahan kasih\nTempat hilangkan resah gelisah",
    "tipe": "Pantun Cinta"
  },
  {
    "teks": "Ada tubuh ada tangan,\nTiada kepala tiada kaki;\nSangat berguna waktu hujan,\nApakah dia yang dimaksudkan ini.\n(baju hujan)",
    "tipe": "Pantun Teka-Teki"
  },
  {
    "teks": "Ada kain berwarna merah\nSungguh indah dipandang mata\nKalau main jangan marah\nSenang sahaja bersuka cita",
    "tipe": "Pantun Anak-anak"
  },
  {
    "teks": "Pokok pinang ditanam rapat\nPuyuh kini berlari-lari\nSamalah kita menjunjung adat\nTunggak budaya semai dihati",
    "tipe": "Pantun Adat"
  },
  {
    "teks": "Biarlah orang bertanam buluh\nMari kita bertanam padi\nBiarlah orang bertanam musuh\nMari kita menanam budi",
    "tipe": "Pantun Budi"
  },
  {
    "teks": "Paling seger minum limau\nCampur madu tambah nikmat\nAyam berani sama harimau\nItu ayam super nekat",
    "tipe": "Pantun Jenaka"
  },
  {
    "teks": "Sayang-sayang buah kepayang\nBuah kepayang hendak dimakan\nManusia hanya boleh merancang\nKuasa Allah yang menentukan",
    "tipe": "Pantun Agama"
  },
  {
    "teks": "Suara kereta tut tut tut\nTerdengar hingga Ci Salak\nUdin lari terkentut-kentut\nTernyata dikejar anjing galak",
    "tipe": "Pantun Anak-anak"
  },
  {
    "teks": "Ikan pari loncat ke selokan,\nBisa-bisa mati kurang makan.\nDidik diri jadi dermawan,\nsedekah jariyah sebagai bekalan",
    "tipe": "Pantun Agama"
  },
  {
    "teks": "Kain batik banyak sekodi\nPerca tersimpan di dalam goni\nTurun ke sawah menanam padi\nBermain lumpur bareng petani",
    "tipe": "Pantun Anak-anak"
  },
  {
    "teks": "Taruh kembali pisau belati\nkarena tajam bagaikan duri\nCinta kasih di dalam hati\nBiarlah tumbuh dan berseri",
    "tipe": "Pantun Cinta"
  },
  {
    "teks": "Jalan-jalan ke rawa-rawa\nCapek duduk di pohon palm\nGeli hati menahan tawa\nMelihat katak memakai helm",
    "tipe": "Pantun Jenaka"
  },
  {
    "teks": "Sangat laku jualan jamu\nJualnya ke tanah seberang\nSaat aku melihat dirimu\nDunia rasanya terang benderang",
    "tipe": "Pantun Cinta"
  },
  {
    "teks": "Kamar kos-kosan bentuknya persegi,\ndisewa tukang roti,\ntakan bosan kuucapkan slamat pagi,\nuntukmu sang pemilik hati .",
    "tipe": "Pantun Cinta"
  },
  {
    "teks": "Pergi ke pasar beli salak\nSalaknya dimakan berdua\nHey kamu anak bapak\nPatuhlah pada kedua orang tua",
    "tipe": "Pantun Bijak"
  },
  {
    "teks": "Air cuka bercampur pasta,\nterkena mata jadi terluka.\nJangan suka berkata dusta,\nKalau tak ingin masuk neraka",
    "tipe": "Pantun Agama"
  },
  {
    "teks": "Para petani menanam padi\nPadi disemai benihpun jadi\nSehat sejati tak hanya jasmani\nTapi jiwa hati nurani",
    "tipe": "Pantun Berbalas"
  },
  {
    "teks": "Banyaklah masa antara masa\nTidak seelok masa bersua\nMeninggalkan solat jadi biasa\nTanpa takut api neraka",
    "tipe": "Pantun Agama"
  },
  {
    "teks": "Kalau ingin makan kelapa\nKupas kulit sampai tak tersisa\nKalau ingin dapat juara\nBelajarlah dan jangan menyerah",
    "tipe": "Pantun Anak-anak"
  },
  {
    "teks": "Batang selasih permainan anak\nDaunnya sehelai dimakan kuda\nBercerai kasih bertalak tidak\nSeribu tahun kembali juga",
    "tipe": "Pantun Perpisahan"
  },
  {
    "teks": "Pak Tegus pergi ke Bali\nMelihat bule sedang menari\nAduh pantas kau bau sekali\nKau belum mandi enam hari",
    "tipe": "Pantun Jenaka"
  },
  {
    "teks": "Mlaku-mlaku ning Malioboro\nMenawi sayah numpak becak luwih sekeca\nSugeng riyadi kagem panjenengan sedaya\nSagung kalepatan nyuwun diparingi pangapura",
    "tipe": "Pantun Bahasa Jawa"
  },
  {
    "teks": "Juragan pisau makan buah\nBuah kotor kena tinta,\nJangan risau jangan gundah\nKarena derita bumbu cinta",
    "tipe": "Pantun Cinta"
  },
  {
    "teks": "Ke cimanggis membeli kopiah\nKopiah indah kan kau dapati\nBegitu banyak gadis yang singgah\nHanya dinda yang memikat hati",
    "tipe": "Pantun Jenaka"
  },
  {
    "teks": "Manchester City dua;\nArsenal kosong.\nterlepas dari tipu-daya cintanya;\nkini hatiku terasa plong.",
    "tipe": "Pantun Cinta"
  },
  {
    "teks": "Habis dikerat dicincang lumat\nPatinya diaduk dijadikan obat\nDunia akhirat takkan selamat\nKecuali minta ampun nasuha tobat\n  \nSurat ditulis dalam gelap\nSalah huruf banyak tak kena\nJagalah diri jangan silap\nJika silap dapat bencana",
    "tipe": "Pantun Agama"
  },
  {
    "teks": "Kalau ada air bersih\nBolehlah kita menggunakannya\nKalau kamu ingin lingkunganmu bersih\nBuanglah sampah pada tempatnya",
    "tipe": "Pantun Alam"
  },
  {
    "teks": "Makan pagi sepiring berdua\nRasanya enak tiada tara\nAwas cowok pandai menggoda\nDiam-diam watak buaya",
    "tipe": "Pantun Jenaka"
  },
  {
    "teks": "Beli kentang dibuat rujak.. ,\nBiar mantap ditambah sambal..,\nTidur terlentang tiada nyenyak..,\nTidur tengkurap ada yang mengganjal..",
    "tipe": "Pantun Jenaka"
  },
  {
    "teks": "Anak ayam turun sepuluh\nMati satu tinggal sembilan\nBangun pagi sembahyang subuh\nAgar dapat ampunan tuhan",
    "tipe": "Pantun Agama"
  },
  {
    "teks": "Anak ayam turunnya lima\nMati satu tinggalah empat\nTurut mengikut alim ulama\nSupaya betul jalan selamat",
    "tipe": "Pantun Agama"
  },
  {
    "teks": "Sang saka merah putih berkibar,\nTampak indah melambai-lambai,\nSemangat juang kami terus berkobar,\nAgar indonesia makmur Tergapai",
    "tipe": "Pantun Kemerdekaan"
  },
  {
    "teks": "Sinta adalah adiknya Santi\nKakak duduk adik berdiri\nHilang bunga bisa diganti\nKehilangan kamu kemana dicari",
    "tipe": "Pantun Cinta"
  },
  {
    "teks": "Lama sudah tak bertemu,\nbertemu sekali meminum jamu.\nJauhkan malas dari hidupmu,\nPastilah cerah masa depanmu.",
    "tipe": "Pantun Nasihat"
  },
  {
    "teks": "Duduk anteng,\nnungguin loyang.\nAbang ganteng,\nmau dong digoyang.",
    "tipe": "Pantun Cinta"
  },
  {
    "teks": "Apa guna berkain batik\nKalau tidak dengan sujinya\nApa guna beristeri cantik\nKalau tidak dengan budinya",
    "tipe": "Pantun Budi"
  },
  {
    "teks": "Pergi ke pasar membeli buka\ncoba lh pilih warna baru\njika kamu bilang i love you\naku bilang i love you too",
    "tipe": "Pantun Budi"
  },
  {
    "teks": "Kemanapun kaki melangkah\nAku selalu mengurai doa\nKemanapun cinta merambah\nAku selalu mengurai setia",
    "tipe": "Pantun Cinta"
  },
  {
    "teks": "Daun tetap di atas dulang\nAnak udang mati dituba\nDalam kitab ada terlarang\nPerbuatan haram jangan dicoba",
    "tipe": "Pantun Agama"
  },
  {
    "teks": "Hujan angin tak jadi pergi\nHujan reda pergi ke pantai\nDi sekolah jangan berkelahi\nJika berkelahi tak jadi pandai",
    "tipe": "Pantun Pendidikan"
  },
  {
    "teks": "Jangan mengipas-ngipas arang\nKalau dikipas banyak baranya\nJangan memanas-manaskan orang\nKalau panas banyak maraknya",
    "tipe": "Pantun Nasihat"
  },
  {
    "teks": "Maluku penghasil pala\nTanah sumba banyak kuda\nLihat kamu pusing kepala\nTidak bertemu sakit di dada",
    "tipe": "Pantun Cinta"
  },
  {
    "teks": "Jual betik dengan kandil,\nKandil buatan orang Inggeris,\nMelihat buaya menyandang bedil,\ndan kerbau tegak berbaris",
    "tipe": "Pantun Jenaka"
  },
  {
    "teks": "Lebih baik warna kuning\ndaripada warna ungu\nLebih baik gigi kuning\ndaripada putih tapi palsu",
    "tipe": "Pantun Jenaka"
  },
  {
    "teks": "Berkobar kobar semangat membara,\nMembela rakyat, membina negara,\nMenjulang impian rakyat jelata,\nMembina martabat sebuah bangsa",
    "tipe": "Pantun Kemerdekaan"
  },
  {
    "teks": "Banyak orang menumpuk harta\nnasib buruk pula yang diterima\nCinta sejati mengarahkan kita\nmenuju surga bersama-sama",
    "tipe": "Pantun Cinta"
  },
  {
    "teks": "Memancing ikan di tengah kali,\nMemakai umpan berupa cacing,\nBadannya sangat luas sekali,\nBerbulu banyak tak berdaging?\n(Jawabnya: Jawabannya: Karpet)",
    "tipe": "Pantun Teka-Teki"
  },
  {
    "teks": "Panjang ekor ikan pari\nMeski panjang tidak berduri\nJalan-jalan di sore hari\nmelepas penat damaikan diri",
    "tipe": "Pantun Cinta"
  },
  {
    "teks": "Ikan berenang di dalam lubuk\n Ikan belida dadanya panjang\nAdat pinang pulang ke tampuk\n Adat sirih pulang ke gagang",
    "tipe": "Pantun Adat"
  },
  {
    "teks": "Gulali manis dirasa\nDirasa sambil bersua ria\nTeraturlah dalam berpuasa\nKau kan rasakan manfaatnya",
    "tipe": "Pantun Berbalas"
  },
  {
    "teks": "Kancil melompat katak heran\nKatak lompat pelan-pelan\nSebentar lagi kita liburan\nIngin aku jalan-jalan",
    "tipe": "Pantun Anak-anak"
  },
  {
    "teks": "Musim kemarau kering kerontang\nMusim penghujan segera datang\nBertani janganlah banyak hutang\nLintah darat selalu menghadang",
    "tipe": "Pantun Pendidikan"
  },
  {
    "teks": "Dengar lagu berirama\nTersenyumlahlah si adik manja\nMari main bersama-sama\nJangan duduk sendiri saja",
    "tipe": "Pantun Anak-anak"
  },
  {
    "teks": "Tinta hitam untuk menulis\nPensil warna untuk meluis\nIlmu itu tak kan pernah habis\nTurun temurun keahli waris",
    "tipe": "Pantun Pendidikan"
  },
  {
    "teks": "Jika tuan tajuk cendana\nAmbil gantang sukatkan mulut\nJika tuan memang bijak laksana\nBinatang apa bertanduk di mulut?\n(Jawabnya: Nyamuk)",
    "tipe": "Pantun Teka-Teki"
  },
  {
    "teks": "Padang temu padang baiduri\nTempat raja membangun kota\nBijak bertemu dengan jauhari\nBagaikan cincin dengan permata",
    "tipe": "Pantun Nasihat"
  },
  {
    "teks": "Jikalau kita bertanam padi\nSenanglah makan adik-beradik\nJikalau kita bertanam budi\nOrang yang jahat menjadi baik",
    "tipe": "Pantun Budi"
  },
  {
    "teks": "Buah berangan di rumpun pinang\nLimau kasturi berdaun muda\nKalau berkenan masuklah meminang\nTanda diri beradat budaya",
    "tipe": "Pantun Adat"
  },
  {
    "teks": "Duduk d dalam kamar\nlama duduk sakit kaki\nmacam mana aku mw melamar\naq sudah ke lain hati",
    "tipe": "Pantun Budi"
  },
  {
    "teks": "Pucuk pauh selara pauh\nSembilu ledung ledungkan\nAdik jauh Abangnda jauh\nBila rindu sama menungkan",
    "tipe": "Pantun Perpisahan"
  },
  {
    "teks": "Di Bandar banyak orang\nhilir mudik kanan dan kiri\nTak pernah pudar kasih sayang\nTambah erat hari ke hari",
    "tipe": "Pantun Cinta"
  },
  {
    "teks": "Kuda sembrani,\nlarinya kencang.\nKalau berani,\nnyatain dong sekarang.",
    "tipe": "Pantun Cinta"
  },
  {
    "teks": "Anak tani mengutip lokan\nLokan dikutip untuk dimakan\nSayang anak tangan-tangankan\nSayang isteri tinggal-tinggalkan",
    "tipe": "Pantun Perpisahan"
  },
  {
    "teks": "Meler-meler ingus keteter\nSampai sakit di kepala\nHati-hati sering teler\nBikin kamu meninggal dunia",
    "tipe": "Pantun Jenaka"
  },
  {
    "teks": "Air dan api slalu berlawanan,\nLangit dan bumi adalah berjauhan.\nKalau hati penuh kedengkian,\nSiaplah orang yang mau berteman.",
    "tipe": "Pantun Agama"
  },
  {
    "teks": "Burung perkutut\nBurung kutilang\nKamu kentut\nNggak bilang bilang",
    "tipe": "Pantun Jenaka"
  },
  {
    "teks": "Pohon jati tumbuh berjajar,\npandai berpantun orang Banjar.\nKalau kita malas belajar,\ncita-cita takkan terkejar.",
    "tipe": "Pantun Nasihat"
  },
  {
    "teks": "Pergi berlatih main bola\nLari pemanasan satu putaran\nNiat hati ingin nonton bola\nApalah daya emak lagi nonton uttaran",
    "tipe": "Pantun Jenaka"
  },
  {
    "teks": "Liburan sekolah telah menanti\nBerlibur bersama kawan\nIlmu dunia & akhirat harus dicari\nGuru, jasamu takkan terlupakan",
    "tipe": "Pantun Guru"
  },
  {
    "teks": "Kalau tuan mencari buah\nSahaya pun mencari pandan\nJikalau tuan menjadi nyawa\nSahaya pun menjadi badan.",
    "tipe": "Pantun Cinta"
  },
  {
    "teks": "Ibu memakai sebuah gelang,\nPerut lapar segera makan.\nLima waktu janganlah hilang,\ndimanapun selalu tunaikan.",
    "tipe": "Pantun Nasihat"
  },
  {
    "teks": "Bu Dinda membeli tomat\nBeli tomat di Pasar Minggu\nUntukmu guru yang terhormat\nSemoga engkau sehat selalu",
    "tipe": "Pantun Guru"
  },
  {
    "teks": "Beribu-ribu pohon beringin\nhanya satu si pohon randu\nsaat malam terasa dingin\nhanya wajahmu yang aku rindu",
    "tipe": "Pantun Cinta"
  },
  {
    "teks": "Bulan rajab bulan syaaban\ntanam padi berimbun daon\ntinggal sekejap rasa sebulan\ntinggal sehari rasa setahun.",
    "tipe": "Pantun Budi"
  },
  {
    "teks": "Dari jauh datangnya tamu,\nHanya untuk mencari ikan.\nIzinkan aku mencintaimu,\ncinta selalu sepanjang zaman.",
    "tipe": "Pantun Cinta"
  },
  {
    "teks": "Ada haruan dan sepat\nBoleh masak gulai lemak\nBetul aqidah pahalapun dapat\nKesan tarbiyah oleh ulama",
    "tipe": "Pantun Ibu"
  },
  {
    "teks": "Jadi orang jangan pelupa\nKalau pelupa seperti nini-nini\nTak enak hati untuk menyapa\nKarena orang baru di daerah sini",
    "tipe": "Pantun Berbalas"
  },
  {
    "teks": "Bila datang bayang-bayang\nBintang bersinar berkelipan\nBila memang ia sayang\nLembah lembut tuturnya sopan",
    "tipe": "Pantun Cinta"
  },
  {
    "teks": "Kalau ada sumur diladang..,\nBolehlah kita menggosok gigi..,\nKalau anda di warung padang..,\nBolehkah kita ditraktir lagi..",
    "tipe": "Pantun Jenaka"
  },
  {
    "teks": "Bunga lada tingginya sama\nPetik setangkup bunga melati\nKanda pergi terlalu lama\nManakah sanggup dinda menanti",
    "tipe": "Pantun Perpisahan"
  },
  {
    "teks": "Jika sudah namanya cinta\nHati suka berbunga-bunga\nKalau sudah terbawa suasana\nSenyum sendiri kayak orang gila",
    "tipe": "Pantun Jenaka"
  },
  {
    "teks": "Ayah pergi membeli tembaga\nDipakai untuk merekatkan parang\nApabila ingin masuk surga\nSering mengaji dan sembahyang",
    "tipe": "Pantun Agama"
  },
  {
    "teks": "Parang ditetak ke batang sena\nBelah buluh taruhlah temu\nBarang dikerja takkan sempurna\nBila tak penuh menaruh ilmu",
    "tipe": "Pantun Nasihat"
  },
  {
    "teks": "Hari rabu memetik salak\nBuahnya segar hilang dahaga\nHormati Ibu juga Bapak\nAgar kelak masuk surga",
    "tipe": "Pantun Nasihat"
  },
  {
    "teks": "Gunung Merapi rupane biru\ndicedaki dadi ijo wit-witan cemara\nMenawi kula gadhah keliru\nnyuwun agenging samudra pangapura",
    "tipe": "Pantun Bahasa Jawa"
  },
  {
    "teks": "Sore-sore makan sekoteng\nBelanjanya di pasar minggu\nAbang sayang yang ganteng\nNeng disini selalu menunggu",
    "tipe": "Pantun Cinta"
  },
  {
    "teks": "Baca mantra, mantra yang manjur\nMoga saja bisa dapatkan dia\nJadilah orang yang jujur\nMoga-moga besar pahalanya",
    "tipe": "Pantun Bijak"
  },
  {
    "teks": "Buah budi bedara mengkal\nMasak sebiji di pinggir pantai\nHilang budi bicara akal\nBuah apa yang tidak bertangkai?\n(Jawabannya: Buah hati)",
    "tipe": "Pantun Teka-Teki"
  },
  {
    "teks": "Orang menganyam sambil duduk,\nBila sudah bawa ke balai,\nMelihat ayam memakai tanduk,\nDatang musang meminta damai",
    "tipe": "Pantun Jenaka"
  },
  {
    "teks": "Di pinggir kolam makan bubur\nJangan lupa pakai keripik\nDari semalem aku ga bisa tidur\nSelalu teringat wajah mu yg cantik",
    "tipe": "Pantun Cinta"
  },
  {
    "teks": "Hayam Wuruk raja termahsyur\nGajah Mada pemersatu Bangsa\nCinta ilmu sepanjang umur\nCinta bangsa sepanjang masa",
    "tipe": "Pantun Pendidikan"
  },
  {
    "teks": "Beribu-ribu kain batik\nHanya satu yang tertimpa pena\nBeribu-ribu gadis cantik\nCuma dirimu yang mempesona",
    "tipe": "Pantun Cinta"
  },
  {
    "teks": "Beli kain warna nya merah\nDari kediri pake nya batik\nDi godain jangan marah\nSalah sendiri punya wajah cantik",
    "tipe": "Pantun Cinta"
  },
  {
    "teks": "Nasi uduk masih anget\nBeli nye di pinggir jalan\nYang lagi duduk manis banget\nBoleh ga kite kenalan",
    "tipe": "Pantun Cinta"
  },
  {
    "teks": "Jalan-jalan ke gunung salak\nJangan lupa membeli kemiri\nKalau bumi kita rusak\nPasti kita yang akan merugi",
    "tipe": "Pantun Alam"
  },
  {
    "teks": "Bila tuan tajuk cendana\nAmbil padi sukatkan padi\nBila tuan memang bijaksana\nBinatang apa bertanduk di kaki?\n(Jawabnya: Ayam jantan)",
    "tipe": "Pantun Teka-Teki"
  },
  {
    "teks": "Kalau kamu membeli tikar,\nTikar terbuat dari mengkuang,\nKalau kamu memang pintar,\nUlar apa yang melilit pinggang?\n(Jawabannya: Ikat Pinggang)",
    "tipe": "Pantun Teka-Teki"
  },
  {
    "teks": "Pergi bertemu si pandai besi,\nDia mengasah pedang biasa,\nDicari-cari sulit sekali,\nAndai ketemu dibuang ia?\n(Jawabannya: Upil)",
    "tipe": "Pantun Teka-Teki"
  },
  {
    "teks": "Air jeruk dalam kulkas,\nmakan roti dengan keju.\nNiatlah belajar dengan ikhlas,\nhanya Allah yang dituju.",
    "tipe": "Pantun Nasihat"
  },
  {
    "teks": "Rintik rintik turun hujan..,\nMasuk kamar sama teman..,\nGadis cantik jadi pujaan..,\nMau dilamar kok hamil duluan...",
    "tipe": "Pantun Jenaka"
  },
  {
    "teks": "Burung nuri burung dara\nTerbang ke sisi taman kayangan\nCubalah teka wahai saudara\nSemakin diisi makin ringan?\n(belon)",
    "tipe": "Pantun Teka-Teki"
  },
  {
    "teks": "Apa tanda orang istana,\nsemua barang selalu baru.\nApa tanda tumbuh cinta,\nterasa di dada rasa cemburu",
    "tipe": "Pantun Cinta"
  },
  {
    "teks": "Kue rangin rasanya manis..\nKue tar bukanlah lapis..\nMalam dingin hujan gerimis..\nSebentar bentar kebelet pipis..",
    "tipe": "Pantun Jenaka"
  },
  {
    "teks": "Bunga disiram takkan layu\nSlalu berbunga tiada jemu\nJangan takut kehilanganku\naku tak akan pergi darimu",
    "tipe": "Pantun Cinta"
  },
  {
    "teks": "Sakit kaki merah mamar\npagie berobat k urang paloh\nmcm mne gtok e nk melamar\nsigek padi pun daan betaroh",
    "tipe": "Pantun Budi"
  },
  {
    "teks": "Di antara padi dengan selasih\nYang mana satu tuan luruh kan\nDi antaracbudi dengan kasih\nYang mana satu tuan turutkan",
    "tipe": "Pantun Budi"
  },
  {
    "teks": "Orang Sasak pergi ke Bali\nMembawa pelita semuanya\nBerbisik pekak dengan tuli\nTertawa si buta melihatnya",
    "tipe": "Pantun Jenaka"
  },
  {
    "teks": "Kera di hutan cekat melompat\nSi pemburu memasang jerat\nHina sangat sifat mengumpat\nDilaknat Allah dunia akhirat",
    "tipe": "Pantun Agama"
  },
  {
    "teks": "Mudah pula mengail ikan\nAda haruan dan sepat\nDengan ilmu terus diamalkan\nBetul aqidah pahalapun dapat",
    "tipe": "Pantun Ibu"
  },
  {
    "teks": "Melihat berita yang sedang tayang\nBeritanya tentang sebuah penelitian \nCinta bukanlah sekedar kasih sayang\nMelainkan sejauh mana sebuah kesetiaan",
    "tipe": "Pantun Cinta"
  },
  {
    "teks": "Buah budi bidara mengkal\nMasak sebiji di tepi pantai\nHilang budi bicara akal\nBuah apa tidak bertangkai?\n(buah hati)",
    "tipe": "Pantun Teka-Teki"
  },
  {
    "teks": "Good morning\nSelamat pagi\nGigi kuning\nGa pernah gosok gigi",
    "tipe": "Pantun Jenaka"
  },
  {
    "teks": "Hari minggu sudahlah siang..\nSetelah siang datanglah petang…\nDitunggu tunggu tak juga datang…\nSekalinya datang kok nagih utang…",
    "tipe": "Pantun Jenaka"
  },
  {
    "teks": "Menantunya pula Lela Sari\nSemua melihat jatuh berahi\nSelagi ugama tidak diingkari\nSebarang perintah wajib dipatuhi",
    "tipe": "Pantun Agama"
  },
  {
    "teks": "Pisau lipat dimainnya kera\nTangannya luka lalu terjun\nMakan kuat tidak terkira\nKenyangnya tidak tahi bertimbun?\n(api)",
    "tipe": "Pantun Teka-Teki"
  },
  {
    "teks": "Dina merenung suaranya sumbang,\nDuduk bersantai dan telah pasrah,\nDia berdengung tapi bukan kumbang,\nPunya belalai namun bukan gajah?\n(Jawabannya: Lebah)",
    "tipe": "Pantun Teka-Teki"
  },
  {
    "teks": "Berjalan di malam kelam\nAda baiknya mengajak berteman\nMengapa pungguk rindukan bulan\nBunga banyak kembang ditaman",
    "tipe": "Pantun Perpisahan"
  },
  {
    "teks": "Kalau tuan pergi ke Tanjung\nBelikan sahaya pisau lipat\nKalau tuan menjadi burung\nSahaya menjadi benang pengikat",
    "tipe": "Pantun Cinta"
  },
  {
    "teks": "Orang bijak santun bicaranya\nOrang baik santun prilakunya\nOrang pinter cepat berfikirnya\nOrang stress nyetatus melulu kerjanya 😛",
    "tipe": "Pantun Jenaka"
  },
  {
    "teks": "Asam kandis asam gelugur\nKetiga asam si riang-riang\nMenangis mayat di pintu kubur\nTeringat badan tidak sembahyang",
    "tipe": "Pantun Agama"
  },
  {
    "teks": "Sungguh nikmat bahagia bersama\nBersama menghabiskan waktu kosong\nDoa tanpa usaha adalah percuma\nUsaha tanpa doa adalah sombong",
    "tipe": "Pantun Nasihat"
  },
  {
    "teks": "Hilir rakit berkajang kain\nDimana teluk singgah bertimba\nNiatku bukan pada yang lain\nAdinda seorang tiada yang kedua",
    "tipe": "Pantun Perpisahan"
  },
  {
    "teks": "Ada so’imah\nMegang kayu\nTerus masalah\nbuat you?",
    "tipe": "Pantun Jenaka"
  },
  {
    "teks": "Kini kita dapat tertawa puas\nMenggapai mimpi dengan bebas\nAsal rajin dan tak malas\nMelanjutkan kemerdekaan dengan tegas",
    "tipe": "Pantun Kemerdekaan"
  },
  {
    "teks": "Melukis indah di sehelai kain\nPatut dihargai hasil karyanya\nJangan pernah meremehkan orang lain\nkarena belum tentu kau lebih baik darinya",
    "tipe": "Pantun Nasihat"
  },
  {
    "teks": "Ayam jantan si ayam jalak\nJaguh siantan nama diberi\nRezeki tidak saya tolak\nMusuh tidak saya cari",
    "tipe": "Pantun Budi"
  },
  {
    "teks": "Memasang foto tempatnya di dinding\nMembawa mobil untuk dilelang\nGajah mati meninggalkan gading\nManusia mati meninggalkan utang",
    "tipe": "Pantun Jenaka"
  },
  {
    "teks": "Kemacetan jalan Jakarta;\nbukan karena si Komo lewat.\nsejak kita menjalin cinta;\nngelakuin apapun aku jadi makin semangat.",
    "tipe": "Pantun Cinta"
  },
  {
    "teks": "Enak rasanya es campur\nDitemani dengan rujak\nBermain di tanam lumpur\nNaik kerbau yang membajak",
    "tipe": "Pantun Anak-anak"
  },
  {
    "teks": "Burung camar di tepi pantai\nPantai indah banyak ombaknya\nJadilah kamu anak yang pandai\nSudah pasti banyak temannya",
    "tipe": "Pantun Anak-anak"
  },
  {
    "teks": "Pohon tinggi jatuh membayang,\njalan setapak dari Ketapang.\nSiapa yang rajin sembahyang,\nsejuk di hati dadapun lapang.",
    "tipe": "Pantun Nasihat"
  },
  {
    "teks": "Koar-koar masalah tunjangan\nSampai-sampai semua tidak sabar\nCoba lihat masalah lingkungan\nYang rusak karena tercemar",
    "tipe": "Pantun Alam"
  },
  {
    "teks": "Pinggir sungai banyak nipah\nsayang airnya terasa sepah\nKasih sayang semakin berlimpah\njadikan hidupku semakin indah",
    "tipe": "Pantun Cinta"
  },
  {
    "teks": "Bunga cantik namanya seroja\nHewan lentik namanya rusa\nJalan-jalan ke mana saja\nMungkin ke kota atau ke desa",
    "tipe": "Pantun Anak-anak"
  },
  {
    "teks": "Buah mangga dipetik Ata\nMangga mantap itu punya Pak Ari\nAyo bersama jaga lingkungan kita\nAgar tetap aman dan asri",
    "tipe": "Pantun Alam"
  },
  {
    "teks": "Kalau tuan bawa keladi,\nBawa juga sipucuk rebung,\nKalau tuan bijak bestari,\nApa binatang tanduk di hidung?\n(Jawabannya: Badak)",
    "tipe": "Pantun Teka-Teki"
  },
  {
    "teks": "Ikan sepat dimasak berlada\nKutunggu digulai anak seberang\nJika tak dapat pada masa muda\nKutunggu sampai beranak seorang",
    "tipe": "Pantun Cinta"
  },
  {
    "teks": "Sungguh Tega membuka aib\nMembuat orang menjadi marah\nJangan putus asa dengan nasib\nKarena nasib bisa diubah",
    "tipe": "Pantun Nasihat"
  },
  {
    "teks": "Jika tuan pakai lencana\nPakailah songkok di atas kepala\nJika tuan memang bijaksana\nBinatang apakah tak berkepala?\n(Jawabannya: Ketam/Kepiting/yuyu)",
    "tipe": "Pantun Teka-Teki"
  },
  {
    "teks": "Artis ngondek,\nsenyumannya membius.\nGa masalah pendek,\nyang penting kamu religius.",
    "tipe": "Pantun Cinta"
  },
  {
    "teks": "Hujan turun belum reda\nAirnya rembes dari talang\nBerpetualang selagi muda\nHatimu bebas bagaikan elang",
    "tipe": "Pantun Anak-anak"
  },
  {
    "teks": "Ada budak membuang dedak\nPenuh setimba di celah batu\nBerdua tidak, bertiga pun tidak\nKekasih hamba hanyalah satu",
    "tipe": "Pantun Cinta"
  },
  {
    "teks": "Kalau ada jarum yang patah\nJangan simpan dalam peti\nKalau ada kata yang salah\nJangan simpan dalam hati",
    "tipe": "Pantun Nasihat"
  },
  {
    "teks": "Jalan-jalan ke kota paris.,\nBanyak rumah berbaris-baris.,\nBiar mati diujung keris.,\nAsal dapat dinda yang manis.",
    "tipe": "Pantun Jenaka"
  },
  {
    "teks": "Indah sekali pintu dipahat\nBergambar daun dan dahan\nKalau ingin hidup selamat\nTaat selalu perintah tuhan",
    "tipe": "Pantun Agama"
  },
  {
    "teks": "Ucapkan kata dengan suara\nKata jelas suara pun jernih\nJika bicara lihatlah suasana\nGunakan kata secara terpilih",
    "tipe": "Pantun Pendidikan"
  },
  {
    "teks": "Menek wit pelem ora kudu ahli,\njalaran duwure ranganti rong meter\nSugeng riyadi Idul Fitri,\ndonga-dinonga kita satya ning dalan bener",
    "tipe": "Pantun Bahasa Jawa"
  },
  {
    "teks": "Burung merpati terbang ke bawa\nHinggap gembira di pohon mangga\nMurung dihati terkenang ayah\nMengadap pusara ku mohon doa tiada terhingga",
    "tipe": "Pantun Ayah"
  },
  {
    "teks": "Kota bintan banyak perunggu\nkota ciamis membangun tugu....\nJanji kenan di malam minggu..\nTapi gerimiz udah menunggu,,",
    "tipe": "Pantun Budi"
  },
  {
    "teks": "Dua Mei hari pendidikan\nHari lahir Ki Hajar Dewantara\nJika orang tidak berpendidikan\nSeumur hidup bakal sengsara",
    "tipe": "Pantun Pendidikan"
  },
  {
    "teks": "Harban Dewa anaknya Zanggi\nManis rupanya elok bercahaya\nJika perempuan taatkan laki\nBeroleh surga Jannatul Mahwa",
    "tipe": "Pantun Agama"
  },
  {
    "teks": "Kalau kau pergi ke dusun\nJangan lupa bawa beras\nBelajarlah dengan tekun\nSupaya kau naik kelas",
    "tipe": "Pantun Pendidikan"
  },
  {
    "teks": "Paman sedang menebang bambu,\nUntuk tiang bendera,\nDirgahayu Indonesia ku,\nSalam Merdekaaaaaa",
    "tipe": "Pantun Kemerdekaan"
  },
  {
    "teks": "Nangka muda digulai lemak\nBuah keranji masak tersangkut\nHarta dunia jangan di tamak\nKalau mati tak akan mengikut",
    "tipe": "Pantun Agama"
  },
  {
    "teks": "Terburu-buru ke kamar mandi,\nTernyata lupa membawa sabun,\nCoba tebak apakah ini,\nSelalu naik tak pernah turun?\n(Jawabannya: Umur)",
    "tipe": "Pantun Teka-Teki"
  },
  {
    "teks": "Ikan berenang lubuk\nIkan belida dadanya panjang\nAdat pinang pulang ke tampuk\nAdat sirih pulang ke gagang",
    "tipe": "Pantun Adat"
  },
  {
    "teks": "Buah itu jangan dipetik\nSusah payah saat ditanam\nEngkaulah gadis tercantik\nKuimpikan siang dan malam",
    "tipe": "Pantun Cinta"
  },
  {
    "teks": "Kalau ranting sudah bertangkai\nJanganlah dililit-lilit juga\nKalau berunding sudah selesai\nJangan diungkit-ungkit juga",
    "tipe": "Pantun Nasihat"
  },
  {
    "teks": "Kain basurek kain bertulis\nPakaian raja Bugis - Makassar\nDi Luh Mahfuz sudah tertulis\nJanji sudah tak dapat ditukar",
    "tipe": "Pantun Agama"
  },
  {
    "teks": "Kemuning di tengah balai\nBertumbuh terus semakin tinggi\nBerunding dengan orang tak pandai\nBagaikan alu pencungkil duri",
    "tipe": "Pantun Nasihat"
  },
  {
    "teks": "Laksamana berbaju besi\nMasuk ke hutan melanda-landa\nHidup berdiri dengan saksi\nAdat berdiri dengan tanda",
    "tipe": "Pantun Adat"
  },
  {
    "teks": "Hari Minggu cuacanya indah\nBerlibur yang tepat di hari Minggu\nBapak guru yang terlihat gagah\nSalam hormat kami untukmu",
    "tipe": "Pantun Guru"
  },
  {
    "teks": "Ikan berenang kejar sampan\nMencari sahabat mencari teman\nTidak kaya tidak tampan\nTapi kau buatku nyaman",
    "tipe": "Pantun Cinta"
  },
  {
    "teks": "Tante Mayang istrinya jaksa\nMembeli bubur dikasih laksa\nTidak sembahnyang tidak puasa.\nDi dalam kubur pasti disiksa.",
    "tipe": "Pantun Agama"
  },
  {
    "teks": "Tubuh dijirat paduka tuan\nTidak cacat tidak selia\nDidalam surga ada penantian\nHanya untuk yang beramal mulia",
    "tipe": "Pantun Agama"
  },
  {
    "teks": "Makan buah jeruk rasanya asam\nSama rasa dengan buah mangga\nAyo kawan mari lestarikan alam\nAgar bumi selalu terjaga",
    "tipe": "Pantun Alam"
  },
  {
    "teks": "Bunga mawar tangkai berduri\nLaris manis pedang cendol\nAku tersenyum malu sekali\nIngat dulu suka mengompol",
    "tipe": "Pantun Jenaka"
  },
  {
    "teks": "Naik ke bukit membeli lada\nLada sebiji dibelah tujuh\nApanya sakit berbini janda\nAnak tiri boleh disuruh",
    "tipe": "Pantun Jenaka"
  },
  {
    "teks": "Sungguh indah kerajinan rotan\nDibuat menarik oleh pengrajinnya\nMari kita menjaga hutan\nJangan sampai kita merusaknya",
    "tipe": "Pantun Alam"
  },
  {
    "teks": "Setiap pagi makan bubur\nLengkap dengan segelas susu\nSetiap saat slalu tertidur\nkuingin kau ada di mimpik",
    "tipe": "Pantun Cinta"
  },
  {
    "teks": "Benih padi sedang ditebar\nBurung mematuk sedang dikejar\nAyahku memang sangat penyabar\nJadilah aku suka belajar",
    "tipe": "Pantun Anak-anak"
  },
  {
    "teks": "Minah ketawa terjerit-jerit\nMelihat koyak pada seluar\nOrang putih duduk sederet\nPagar didalam tebing diluar?\n(gigi)",
    "tipe": "Pantun Teka-Teki"
  },
  {
    "teks": "Bunga kenanga di atas kubur\nPucuk sari pandan Jawa\nApa guna sombong dan takabur\nRusak hati badan binasa",
    "tipe": "Pantun Agama"
  },
  {
    "teks": "Walau hanya sebuah jambu\nNamun ini bisa diramu\nWalau kita jarang bertemu\nCinta ini hanya untukmu",
    "tipe": "Pantun Cinta"
  },
  {
    "teks": "Sungguh bahaya ular berbisa,\nbila tergigit akan koma,\nsungguh bahagia kurasa,\nbila kita slalu bersama.",
    "tipe": "Pantun Cinta"
  },
  {
    "teks": "Jangan senang memfitnah orang\nOrang benci Tuhan pun murka\nJangan senang melalaikan sembahyang\nJika mati masuk neraka",
    "tipe": "Pantun Agama"
  },
  {
    "teks": "Hari minggu sudahlah siang..\nSetelah siang menuju petang...\nDitunggu tunggu gak jua datang...\nSekali datang kok nagih utang...",
    "tipe": "Pantun Jenaka"
  },
  {
    "teks": "Enaknya gulai ditambah roti\nUntuk bekal dalam pedati\nSudah pandai rendah hati\nPastilah dia lelaki sejati",
    "tipe": "Pantun Cinta"
  },
  {
    "teks": "Single bukanlah takdir;\ntapi tangga menuju kedewasaan.\nbukalah cinta dari semua tabir;\nbiar hidupmu dalam lingkup kebahagiaan.",
    "tipe": "Pantun Cinta"
  },
  {
    "teks": "Ikan belanak hilir berenang\nBurung dara membuat sarang\nMakan tak enak tidur tak tenang\nHanya teringat dinda seorang",
    "tipe": "Pantun Cinta"
  },
  {
    "teks": "Jalan-jalan ke Ciamis\nAda gedung parkirnya gratis\nAku cinta sama si kumis\norangnya ganteng lagi romantis",
    "tipe": "Pantun Cinta"
  },
  {
    "teks": "Membaca buku di meja makan\nSetelah dibaca terasa sulit\nJika cinta tak diungkapkan\nBersiaplah menerima rasa sakit",
    "tipe": "Pantun Cinta"
  },
  {
    "teks": "Gunung Jati anak Rara Santang\ndicintai juga disayang\nWalau banyak godaan datang\nteguh hatiku tak pernah goyang",
    "tipe": "Pantun Cinta"
  },
  {
    "teks": "Menendang bola mengenai mistar\nPenonton protes yang tidak perlu\nJika kau merasa paling pintar\nKucing apa yang tidak berbulu ?\n( Jawabannya : Kucing Sphynx )",
    "tipe": "Pantun Teka-Teki"
  },
  {
    "teks": "Cik Limah bersama anak lelaki\nDuduk makan keropok lekor\nYang mengejar tidak berkaki,\nYang dikejar tiada berekor?\n(ular dan katak)",
    "tipe": "Pantun Teka-Teki"
  },
  {
    "teks": "Anjing bermain dengan tali\nKera duduk membaca koran\nBagaimana hati tak geli\nKepala botak suka sisiran",
    "tipe": "Pantun Jenaka"
  },
  {
    "teks": "Hidup Ini Hanya Sementara\nPeluang yang ada digunakan sebaiknya\nI Love U Ayah Selama-Lamanya\nNow I Know, bukan mudah menjadi seorang bapa",
    "tipe": "Pantun Ayah"
  },
  {
    "teks": "Banyak bulan perkara bulan\nTidak semulia bulan puasa\nBanyak tuhan perkara tuhan\nTidak semulia Tuhan Yang Esa",
    "tipe": "Pantun Agama"
  },
  {
    "teks": "Sungguh indah syair setanggi\nMenyusun kata bagai hiasan\nIlmu itu mesti tinggi\nJangan dunia sebagai batasan",
    "tipe": "Pantun Nasihat"
  },
  {
    "teks": "Hidup aman di dalam kota,\nAda pemimpin bernama raja;\nBuruh-buruh rajin bekerja,\nAskar bertugas setiap masa.\n(anai-anai/semut)",
    "tipe": "Pantun Teka-Teki"
  },
  {
    "teks": "Teman kamu apa kabar\nNyalakan api agar selalu berkobar\nWahai teman bertahanlah dan bersabar\nDunia tau mana yang benar",
    "tipe": "Pantun Bijak"
  },
  {
    "teks": "Burung terbang menggunakan sayap\nTerbang tinggi tak ada yang melampaui\nGuru, jangan pernah lelah dan lelap\nDidik kami hingga menjadi orang besar nanti",
    "tipe": "Pantun Guru"
  },
  {
    "teks": "Makan semangka,\nmakan kedondong.\nKalau suka,\nnyatain dong.",
    "tipe": "Pantun Cinta"
  },
  {
    "teks": "Jangan pernah ke selokan,\nnanti kotor ditertawakan,\njangan pernah ragukan,\njanji setia yg ku ikrarkan.",
    "tipe": "Pantun Cinta"
  },
  {
    "teks": "Banyak semut diatas papan,\nSedang makan gula-gula,\nSelamat menyambut hari kemerdekaan,\nMerdeka Merdeka Merdeka",
    "tipe": "Pantun Kemerdekaan"
  },
  {
    "teks": "Beli ketan,\nbeli kain songket.\nBiar udah mantan,\nkita tetep lengket.",
    "tipe": "Pantun Cinta"
  },
  {
    "teks": "Menanam kelapa di Pulau Bukum\nTinggi sedepa sudah berbuah\nAdat bermula dengan hukum\nHukum bersandar di Kitab Allah",
    "tipe": "Pantun Adat"
  },
  {
    "teks": "Sungguh kusam rumah kosong\nTidak mencerminkan sebuah kebersihan\nJangan pernah berlaku sombong\nKarena sombong, awal dari kejatuhan",
    "tipe": "Pantun Nasihat"
  },
  {
    "teks": "Kayu cendana di atas batu\nSudah diikat dibawa pulang\nAdat dunia memang begitu\nBenda yang buruk memang terbuang",
    "tipe": "Pantun Nasihat"
  },
  {
    "teks": "Janganlah kau suka mengolok,\nBisa-bisa rugi akhirnya,\nIalah daun tak punya pokok,\nSetiap bangunan memilikinya?\n(Jawabannya: Pintu)",
    "tipe": "Pantun Teka-Teki"
  },
  {
    "teks": "Burung nuri burung dara,\nTerbangnya di sekitar layangan,\nCobalah cari wahai saudara,\nmakin diisi makin ringan,\n(Jawabannya: Balon)",
    "tipe": "Pantun Teka-Teki"
  },
  {
    "teks": "Sebuah benda bentuknya bulat,\nIanya ada dari pada besi,\nJika bermain diikat kuat,\nDilempar hidup dipegang mati?\n(Jawabannya: Gasing)",
    "tipe": "Pantun Teka-Teki"
  },
  {
    "teks": "Minum kopi bersama nana\nKopi susu begitu nikmatnya\nManfaat sehat kita bahagia\nBisa berhemat dikala muda",
    "tipe": "Pantun Berbalas"
  },
  {
    "teks": "Wangi nian kembang kenanga\nManalah indah pohon ara\nNaik gunung mencari bunga\nHati senang riang gembira",
    "tipe": "Pantun Anak-anak"
  },
  {
    "teks": "Makan bubur di atas meja…,\nMinumnya jus di balik rak…,\nHari libur terus bekerja..,\nDapat bonus ambilnya di ira,  wkwk",
    "tipe": "Pantun Jenaka"
  },
  {
    "teks": "Ada orang Bengkulu dijitak\nDi jitak sama orang Batak\nSelama jantungku berdetak\nCintaku tak akan luluh lantak",
    "tipe": "Pantun Cinta"
  },
  {
    "teks": "Harga Ayam tiba-tiba melambung pula\nMacam-macam alasan kononnya,,,\nKenangan bersama Ayah sukar dilupa\nMendidik diri q hingga berjaya,,,,",
    "tipe": "Pantun Ayah"
  },
  {
    "teks": "Makan bubur diatas meja...,\nMinumnya jus diatas rak...,\nHari libur tetap bekerja..,\nDapat bonus ambilnya di irak...",
    "tipe": "Pantun Jenaka"
  },
  {
    "teks": "Sapi putih tarik pedati\nPedatinya bergoyang-goyang\nAyah selalu baik hati\nAku ditimang slalu disayang",
    "tipe": "Pantun Anak-anak"
  },
  {
    "teks": "Anak teruna tiba di darat\nDari Makasar langsung ke Deli\nHidup di dunia biar beradat\nBahasa tidak dijual beli",
    "tipe": "Pantun Adat"
  },
  {
    "teks": "Masak ayam masak tumis..\nIris tipis sampai habis..\nSelasa malam hujannya gerimis..\nDompet tipis makin kritis.",
    "tipe": "Pantun Jenaka"
  },
  {
    "teks": "Hari jumat hujan lebat,\nawan mendung hitam pekat,\nrayuanmu sungguh hebat,\nmampu membuatku terpikat.",
    "tipe": "Pantun Cinta"
  },
  {
    "teks": "Pergi ke pasar beli tekwan\nTapi sayang di panggang jadi item\nJika kamu penyayang hewan\nKenapa anak kucing dan anjing suka berantem?\n( Jawabannya : Yah namanya juga anak - anak )",
    "tipe": "Pantun Teka-Teki"
  },
  {
    "teks": "Kalau ada sumur diladang..,\nBolehlah kita menggosok gigi..,\nKalau anda diwarung padang..,\nBolehkah kita ditraktir lagi..",
    "tipe": "Pantun Jenaka"
  },
  {
    "teks": "Buah belimbing kesukaan kalong\nLu kayak kambing pas lagi monyong 😛",
    "tipe": "Pantun Jenaka"
  },
  {
    "teks": "Limau purut lebat di pangkal\nSayang selasih condong uratnya\nAngin ribut dapat ditangkal\nHati yang kasih apa obatnya",
    "tipe": "Pantun Cinta"
  },
  {
    "teks": "Ulang tahun nenek tanggal 2,\nDirayakan di hari minggu,\nSelamat HUT RI yang ke 72,\nSemoga Indonesia tetap bersatu",
    "tipe": "Pantun Kemerdekaan"
  },
  {
    "teks": "Sakit kaki ditikam jeruju\nJeruju ada di dalam paya\nSakit hati memandang susu\nSusu ada dalam kebaya",
    "tipe": "Pantun Jenaka"
  },
  {
    "teks": "Banyak orang menggali perigi\nAmbil buluh kemudian diikat\nIlmu dicari tak akan rugi\nUntuk bekal dunia akhirat",
    "tipe": "Pantun Agama"
  },
  {
    "teks": "Empek-empek bumbu cuka\nLezat sekali dirasa lidah\nKe kota aku sangat suka\nKe desa pun banyak yang indah",
    "tipe": "Pantun Anak-anak"
  },
  {
    "teks": "Terbang tinggi si burung helang\nHinggap di atas pohon meranti\nAnak ramai ibunya seorang,\nBila bergesel berapi-rapi?\n(mancis)",
    "tipe": "Pantun Teka-Teki"
  },
  {
    "teks": "Kolam penuh ikan sepat\nUntuk dimasak di daun talas\nKalau ingin ilmu manfaat\nCari guru yang tulus ikhlas",
    "tipe": "Pantun Nasihat"
  },
  {
    "teks": "Pohon nangka berbuah lebat\nBilalah masak harum juga\nBerumpun pusaka berupa adat\nDaerah berluhak alam beraja",
    "tipe": "Pantun Adat"
  },
  {
    "teks": "Tempat duduknya sangat tinggi,\nNamun ia bernasib malang,\nSaat malam ia berseri,\nBila siang ia menghilang?\n(Jawabannya: Bintang)",
    "tipe": "Pantun Teka-Teki"
  },
  {
    "teks": "Tari piring tari saman\nTari lilin apinya berpijar\nAl Quran adalah pedoman\nRajin-rajinlah engkau belajar",
    "tipe": "Pantun Nasihat"
  },
  {
    "teks": "Pagi ini membaca koran\nBaca berita orang hilang\nBermain kejar-kejaran\nBadan sehat hati pun senang",
    "tipe": "Pantun Anak-anak"
  },
  {
    "teks": "Tengoklah burung kutilang\nTerbang tinggi dia pulang\nMari main dengan senang\nJadi anak yang periang",
    "tipe": "Pantun Anak-anak"
  },
  {
    "teks": "Menanam kelapa di pulau Bukum\nTinggi sedepa sudah berbuah\nAdat bermula dengan hukum\nHukum bersandar di Kitabullah",
    "tipe": "Pantun Adat"
  },
  {
    "teks": "Pagi hari menonton berita\nBeritanya tentang kematian\nJangan menangis karena cinta\nKarena cinta butuh pengorbanan",
    "tipe": "Pantun Cinta"
  },
  {
    "teks": "Tinggi bayam berjengkal-jengkal,\nbayang dijinjing karena ringan.\nKepada Allah bertawakal,\ntempat diri mohon pertolongan.",
    "tipe": "Pantun Nasihat"
  },
  {
    "teks": "Pasang bingkai ketok palu\nPasang bingkai di rumah Wulan\nUntuk menyapa saya malu\nApalagi mengajak untuk bekenalan",
    "tipe": "Pantun Berbalas"
  },
  {
    "teks": "Harga Ayam tiba-tiba melambung pula\nMacam-macam alasan kononnya\nKenangan bersama Ayah sukar dilupa\nMendidik kami hingga berjaya",
    "tipe": "Pantun Ayah"
  },
  {
    "teks": "Berenang jauh para ikan\nMereka bebas hatinya senang\nBadan kurus kurang makan\nKalau ditiup goyang-goyang",
    "tipe": "Pantun Jenaka"
  },
  {
    "teks": "Hidup sederhana selalu hemat,\nitulah perintah syariat.\nAyo muslimin dan muslimat,\nmari kita keluarkan zakat.",
    "tipe": "Pantun Nasihat"
  },
  {
    "teks": "Kalau berkitab sambil menulis\nJangan sampai dawat terbuang\nKalau bercakap di dalam majelis\nJangan sampai mengumpat orang",
    "tipe": "Pantun Nasihat"
  },
  {
    "teks": "Sarapan pagi sambil baca koran\nBaca berita tentang batu apung\nBayangkan jika tidak ada hutan\nBanyak air siapa yang menampung",
    "tipe": "Pantun Alam"
  },
  {
    "teks": "Jalan-jalan ke pinggir empang\nNemu katak di pinggir empang\nHati siapa tak bimbang\nKamu botak minta dikepang",
    "tipe": "Pantun Jenaka"
  },
  {
    "teks": "Pensil baru penghapus baru\nUntuk sambut hari sekolah baru\nBapak guru dan Ibu guru\nTerima kasih atas semua ilmumu",
    "tipe": "Pantun Guru"
  },
  {
    "teks": "Terbang tinggi  burung pelatuk\nSambil memakan ikan kutuk\nBahagianya dengarkan atuk\nBerdongeng sampai terbatuk-batuk",
    "tipe": "Pantun Anak-anak"
  },
  {
    "teks": "Tanam pula di tepi paya\nMudah pula mengail ikan\nMembesarkan kita hingga berjaya\nDengan ilmu terus diamalkan",
    "tipe": "Pantun Ibu"
  },
  {
    "teks": "Deras arus Kali Malang\nNaik perahu sangat lama\nSenang hati bukan kepalang\nKalau cintaku kau terima",
    "tipe": "Pantun Cinta"
  },
  {
    "teks": "Masih banyak perjuangan kita,\nIngatlah semangat ketika merdeka,\nSatukan hati dan kerahkan usaha,\nAgar tercapai jua impian merdeka",
    "tipe": "Pantun Kemerdekaan"
  },
  {
    "teks": "Elok berjalan kota tua\nKiri kanan berbatang sepat\nElok berbini orang tua\nPerut kenyang ajaran dapat",
    "tipe": "Pantun Jenaka"
  },
  {
    "teks": "Buah manggis buah markisa\nBuah nanas buah pepaya\nNak, menangislah di hadapan orang tua\nSemoga doa terkabul olehnya",
    "tipe": "Pantun Bijak"
  },
  {
    "teks": "Burung pipt burung dara\nBagus rupanya berwarna warni\nAgar alam tetap terjaga\nJanganlah kita mengotori",
    "tipe": "Pantun Alam"
  },
  {
    "teks": "Asam lakum,\nbatang tabu.\nAssamualaikum\nwarormatunggalh hiwabarkatu.",
    "tipe": "Pantun Budi"
  },
  {
    "teks": "Kenanga putih ada di batu\nlalu di tuai dua pemuda\nterima kasih jika begitu\nbaru damai rasa di dada",
    "tipe": "Pantun Budi"
  },
  {
    "teks": "Kain batik banyak sekodi\nPerca banyak dalam goni\nTurun ke sawah menanam padi\nBermain lumpur seperti petani",
    "tipe": "Pantun Anak-anak"
  },
  {
    "teks": "Bila tuan muda teruna,\nPakai seluar dengan gayanya,\nBila tuan bijak laksana,\nBiji di luar apa buahnya?\n(Jawabannya: Buah Jambu Mete)",
    "tipe": "Pantun Teka-Teki"
  },
  {
    "teks": "Kalau ada sumur diladang\nBoleh saya menumpang mandi\nKalau ada umur yang panjang\nBoleh kita berjumpa lagi",
    "tipe": "Pantun Perpisahan"
  },
  {
    "teks": "Coba-coba menanam mumbang\nMoga-moga tumbuh kelapa\nCoba-coba bertanam sayang\nMoga-moga menjadi cinta",
    "tipe": "Pantun Cinta"
  },
  {
    "teks": "Ini musim masih penghujan…\nKata simbok jangan nakal..\nKalau muslim silahkan Jumatan..\nBawa gembok amankan sendal..",
    "tipe": "Pantun Jenaka"
  },
  {
    "teks": "Air laut sedang pasang\nAir bisa membuat genangan\nIkan bernapas dengan insang\nPaus bernapas dengan ?\n( Jawabannya : Dengan izin Allah )",
    "tipe": "Pantun Teka-Teki"
  },
  {
    "teks": "Tanam padi di tengah sawah\nSawah subur hasil melimpah\nPagi hari ke sekolah\nSore hari ke madrasah",
    "tipe": "Pantun Pendidikan"
  },
  {
    "teks": "Ada orang Maluku di jitak,\ndijitak sama orang Ba...tak,\nselama jantungku masih berdetak,\ncintaku tak akan luluh lantak.",
    "tipe": "Pantun Cinta"
  },
  {
    "teks": "Bunga besar bunga raflesia,\nBunga kecil bunga melati.\nCepatlah taubat wahai manusia,\nJangan menunggu sampai kau mati.",
    "tipe": "Pantun Agama"
  },
  {
    "teks": "Ke salon creambath,\nbiar aliran darah lancar.\nBosen ah jadi sahabat,\nmaunya jadi pacar!",
    "tipe": "Pantun Cinta"
  },
  {
    "teks": "Cari lebah bersarang besar\nJangan tersengat racun berbisa\nJanji Allah adalah benar\nJangan tertipu kehidupan dunia",
    "tipe": "Pantun Agama"
  },
  {
    "teks": "Lagi galau\ndihibur Upin Ipin.\nBagaimana kalau\nkita tukeran Pin?",
    "tipe": "Pantun Cinta"
  },
  {
    "teks": "Hari minggu pergi ke museum\nKe museum lewati hutan pohon cemara\nCobalah saja dari tersenyum\nSebelum mencoba untuk berbicara",
    "tipe": "Pantun Berbalas"
  },
  {
    "teks": "Terbang tinggi burung nuri\nHendak menuju negeri peri\nIzinkan aku menjadi bidadari\nMendampingimu sepanjang hari",
    "tipe": "Pantun Cinta"
  },
  {
    "teks": "Beli duku di toko latif\nMembelinya bareng si afif\nCantik itu memang relatif\nPhotoshop jadi alternatif",
    "tipe": "Pantun Jenaka"
  },
  {
    "teks": "Pergi ke pasar membeli Kepah\nUntuk dimasak sambal pedas\nTerima Kasih buat Ayah\nKasih dicurah hanya Tuhan yang mampu membalas",
    "tipe": "Pantun Ayah"
  },
  {
    "teks": "Setangkai bunga indah menyihir\nterhirup baunya hati tertawan\nandai kita sudah di takdir\nhidup bersama jadi impian",
    "tipe": "Pantun Budi"
  },
  {
    "teks": "Di sana gunung di sini gunung\nDitengah-tengahnya danau Toba\nKe sana bingung ke situ bingung\nLebih baik sekolah saja",
    "tipe": "Pantun Pendidikan"
  },
  {
    "teks": "Berakit-rakit ke hulu\nBerenang-renang ketepian\nAyok berangkat ke penghulu\nDari pada Cuma temenan",
    "tipe": "Pantun Jenaka"
  },
  {
    "teks": "Kancil terikat mulut meronta\nDatang kerbau sama buaya\nKau membawakan aku cinta\nDitambah dengan rasa setia",
    "tipe": "Pantun Cinta"
  },
  {
    "teks": "Sungguh bahaya ular berbisa\nJika tergigit akan koma\nSungguh bahagia terasa\nBila kita selalu bersama",
    "tipe": "Pantun Cinta"
  },
  {
    "teks": "Koran dipakai membungkus ikan\nIkan pari punya kesaktian\nBukan hadiah yang kuharapkan\nCukuplah  engkau beri perhatian",
    "tipe": "Pantun Cinta"
  },
  {
    "teks": "Burung perkutut\nburung kutilang\nKamu kentut\nkagak bilang bilang",
    "tipe": "Pantun Jenaka"
  },
  {
    "teks": "Pergi hutan cari herba dan rotan,\npergi bersama pak mahat.\nBangun pagi untuk kesihatan,\npacak sepadu waja tanda sihat.",
    "tipe": "Pantun Budi"
  },
  {
    "teks": "Mata belo,\nala komedian.\nGue sama elo?\nmaunya jadian.",
    "tipe": "Pantun Cinta"
  },
  {
    "teks": "Kain tenun dari Sumbawa\nKain batik dari Pekalongan\nJika ingin jadi mahasiswa\nSekolah Dasar jangan diabaikan",
    "tipe": "Pantun Pendidikan"
  },
  {
    "teks": "Pohon ara dibuat gubuk..,\nPasang pasak biar tegak..,\nResiko asmara dunia facebook.. ,\nCinta ditolak blokir bertindak..",
    "tipe": "Pantun Jenaka"
  },
  {
    "teks": "Limau purut di tepi rawa,\nbuah dilanting belum masak\nSakit perut sebab tertawa,\nmelihat kucing duduk berbedak",
    "tipe": "Pantun Jenaka"
  },
  {
    "teks": "Kalau tuan pergi ke Tanjung\nKirim saya sehelai baju\nKalau tuan menjadi burung\nSahaya menjadi ranting kayu.",
    "tipe": "Pantun Cinta"
  },
  {
    "teks": "Burung terbang di atas turi\nhinggap sebentar di pohon kenari\nKasih sayangku amatlah murni\nBagai embun di pagi hari",
    "tipe": "Pantun Cinta"
  },
  {
    "teks": "Marilah bersama bersatu dihati,\nBersama membina bangsa Indonesia,\nImpian merdeka belum dikecapi,\nBangun rakyat Indonesia, bangun bersama",
    "tipe": "Pantun Kemerdekaan"
  },
  {
    "teks": "Kalau keladi sudah ditanam\nJanganlah lagi meminta talas\nKalau budi sudah ditanam\nJanganlah lagi meminta balas",
    "tipe": "Pantun Nasihat"
  },
  {
    "teks": "Lupa Rabbi petanda tingkah\nBicara agama rangkulan taqwa...\nBapa, ayahanda dan abah\nSemesra nama simpulan jiwa....",
    "tipe": "Pantun Ayah"
  },
  {
    "teks": "Bulan depan musim pancaroba\nBanyak hujan disertai badai\nBaiklah akan saya mencoba\nTapi tak tau akan kapan dimulai",
    "tipe": "Pantun Berbalas"
  },
  {
    "teks": "Jangan suka makan mentimun\nMentimun itu banyak getah nya\nJangan suka banyak melamun\nMelamun itu tiada gunanya",
    "tipe": "Pantun Nasihat"
  },
  {
    "teks": "Jalan-jalan ke kota Padang\nBersama adik dan juga abang\nAngin bertiup dengan sedang\nLayang-layang pastilah terbang",
    "tipe": "Pantun Anak-anak"
  },
  {
    "teks": "Numpak andhong ning Kotagedhe,\ntuku ali-ali kagem eyang putri.\nBilih aku nduwe luput gedhe,\nnyuwun kawelasan sampean ampuni.",
    "tipe": "Pantun Bahasa Jawa"
  },
  {
    "teks": "Budak-budak ramai di pekan\nHari raya membakar petas\nKalau adik pandai kiasan\nApakah buah gugur ke atas?\n(buah Melaka)",
    "tipe": "Pantun Teka-Teki"
  },
  {
    "teks": "Ngun Syah Betara Sakti\nPanahnya bernama Nila Gandi\nBilanya emas banyak di peti\nSembarang kerja boleh menjadi",
    "tipe": "Pantun Nasihat"
  },
  {
    "teks": "Jalan-jalan ke rawa-rawa\nJika capai duduk di pohon palem\nGeli hati menahan tawa\nMelihat katak memakai helm",
    "tipe": "Pantun Jenaka"
  },
  {
    "teks": "Rumahmu dari kayu\nAtapnya dari jerami\nRupamu sungguh ayu\nTapi sayang jarang mandi",
    "tipe": "Pantun Jenaka"
  },
  {
    "teks": "Sungguh indah bunga yang ditanam\nPergi melihat bersama teman\nMari kita menjaga kebersihan\nKebersihan itu sebagian iman",
    "tipe": "Pantun Alam"
  },
  {
    "teks": "Keris bertuah amat sakti\nKalah oleh iman nan hakiki\nApakah ciri cinta sejati\nBerani berkorban tak kenal henti",
    "tipe": "Pantun Cinta"
  },
  {
    "teks": "Ada hiburan kuda kepang\nPenarinya sedang bergoyang\nAyo kita ke tanah lapang\nUntuk bermain layang-layang",
    "tipe": "Pantun Anak-anak"
  },
  {
    "teks": "Di mana kuang hendak bertelur\nDi atas lata di rongga batu\nDi mana tuan hendak tidur\nDi atas dada di rongga susu",
    "tipe": "Pantun Jenaka"
  },
  {
    "teks": "Dua tiga kucing berlari\nMana nak sama si kucing belang\nDua tiga boleh ku cari\nManakan sama Ayahku Sorang",
    "tipe": "Pantun Ayah"
  },
  {
    "teks": "Berbuah lebat pohon mempelam\nRasanya manis dimakan sedap\nBersebarlah adat seluruh alam\nAdat pusaka berpedoman kitab",
    "tipe": "Pantun Adat"
  },
  {
    "teks": "Dua musim dalam setahun\nMusim banjir air melimpah\nUang kertas bukanlah daun\nJangan dihambur seperti sampah",
    "tipe": "Pantun Pendidikan"
  },
  {
    "teks": "Ning gunung ketur tuku bolah,\nkanggo ndodomi sajadahe simbah\nDudu salahmu sing gawe susah,\nnafsu amarahku sing gawe bubrah.",
    "tipe": "Pantun Bahasa Jawa"
  },
  {
    "teks": "Ada terjemahan ke bahasa Melayu\nMudah faham isi kandungannya\nIbu yang ikut wahyu\nJadilah anak didiknya berjaya",
    "tipe": "Pantun Ibu"
  },
  {
    "teks": "Berpohon bulat daunnya rindang,\nAsam dan hijau kala muda,\nBentuknya ia bagai bintang,\nKalaupun masak, kuninglah ia?\n(Jawabannya: Belimbing)",
    "tipe": "Pantun Teka-Teki"
  },
  {
    "teks": "Beli kentang dibuat rujak.. ,\nBiar mantap dicampur sambal..,\nTidur terlentang tidak nyenyak..,\nTidur tengkurap ada yang mengganjal..",
    "tipe": "Pantun Jenaka"
  },
  {
    "teks": "Srengenge Idul Fitri anggawa pangarep-arep,\nsilaturahim kanggo lantaran rumakete ati.\nKita sedaya caos pangapura kanthi mantep\nnglaleake kalepatan liyan gawe tentreme ati",
    "tipe": "Pantun Bahasa Jawa"
  },
  {
    "teks": "Dua tiga empat lima\nEnam tujuh delapan sembilan\nKita hidup tak akan lama\nJangan lupa siapkan bekalan",
    "tipe": "Pantun Agama"
  },
  {
    "teks": "Warna putih bunga melati\nTumbuh di kebun buah\nUsahamu disiplin setiap hari\nAjari kami tanpa lelah",
    "tipe": "Pantun Guru"
  },
  {
    "teks": "Masak angsa di kuali\nBukan lagi di perigi\nSebaiknya kamu mengabdi\nDi pangkuan ibu pertiwi",
    "tipe": "Pantun Pendidikan"
  },
  {
    "teks": "Keliling kota naik becak,\nmeski lama tiada jemu.\nBanyak-banyak engkau membaca,\nKarena membaca kuncinya ilmu.",
    "tipe": "Pantun Nasihat"
  },
  {
    "teks": "Batang selasih permainan anak\nTumbuhnya jarang di tepi telaga\nBercerai kasih bukan kehendak\nPaksaan orang dituruti juga",
    "tipe": "Pantun Perpisahan"
  },
  {
    "teks": "Langit mendung diatas lautan...\nLebat hujannya tiada terbendung...\nGadis berkerudung cantik menawan...\nKedip matanya rontokan bulu hidung...",
    "tipe": "Pantun Jenaka"
  },
  {
    "teks": "Anak ayam turunlah satu\nMati satu tinggallah habis\nTersiksa badan waktu itu\nSebab mengikuti setan iblis",
    "tipe": "Pantun Agama"
  },
  {
    "teks": "Dua tiga kucing berlari\nMana makin sama si kucing belang,,,\nDua tiga boleh ku cari\ntakkan sama hanya Ayahku S'orang,,,,",
    "tipe": "Pantun Ayah"
  },
  {
    "teks": "Kisah Ariel Peterpan semakin hebat diperkata\nEdison Chen versi Indonesia\nAyah oh Ayah semoga cepat sembuh dan ceria\nKami sekeluarga merindui gelak dan tawa ayah semula",
    "tipe": "Pantun Ayah"
  },
  {
    "teks": "Empat kali empat\nSama dengan enam belas\nCepat atau lambat\nCintaku pasti kau balas 😀",
    "tipe": "Pantun Jenaka"
  },
  {
    "teks": "Tinggi gunung tak tergapai,\ngunung biru jauh di seberang.\nKalau murid menjadi pandai,\nhati gurupun ikut senang.",
    "tipe": "Pantun Nasihat"
  },
  {
    "teks": "Di Indonesia ada Pulau Jawa\nTak lupa juga ada Pulau Sumatera\nGuru, ajari kami dengan sukacita\nAgar kami mampu meraih cita-cita",
    "tipe": "Pantun Guru"
  },
  {
    "teks": "Merantau ke sibu berjumpa kawan\npantun di padu terjawap sopan\nwalau bertemu hanya di awan\nnamun rindu tetap tersimpan",
    "tipe": "Pantun Budi"
  },
  {
    "teks": "Buah pisang buah tomat\nDisimpan didalam lumbung padi\nPantas tercium bau menyengat\nRupanya kau belum mandi",
    "tipe": "Pantun Jenaka"
  },
  {
    "teks": "Pergi tamsya kekota Bogor\nJangan lupa ke Kebun Raya\nMeski engkau sudah tersohor\nJanganlah lupa ayah ibunda",
    "tipe": "Pantun Pendidikan"
  },
  {
    "teks": "Hari panas jangan ke laut\nKalau ke laut kapal tergalang\nHati panas jangan diturut\nKalau diturut akal pun hilang",
    "tipe": "Pantun Nasihat"
  },
  {
    "teks": "Kalau tuan pergi ke Tuban\nJangan lupa mampir ke Daka\nShalat itu perintah Tuhan\nJika ingkar masuk neraka",
    "tipe": "Pantun Agama"
  },
  {
    "teks": "Pergi ke hutan cari rusa\nHendaklah kau bawa tali\nWahai anak cucu bangsa\nHendaklah kau bangun ngeri",
    "tipe": "Pantun Pendidikan"
  },
  {
    "teks": "Segar pempek sebab cuka\nLezat dan nikmat pasti rasanya\nBanyak orang yang suka\nMemang dia baik hatinya",
    "tipe": "Pantun Cinta"
  },
  {
    "teks": "Sungguhlah besar taman Seri Mahkota\nTempat bermain bidadari Lela Utama\nSungguhlah benar bagi orang yang takwa\nAda tempat yang aman dan bahagia",
    "tipe": "Pantun Agama"
  },
  {
    "teks": "Terkenang kembali saat gemilang,\nSahutan Merdeka !! berulang kali,\nImpian seluruh rakyat terjulang,\nSenyum di muka, Gembira di hati",
    "tipe": "Pantun Kemerdekaan"
  },
  {
    "teks": "Ikan lohan,\ndi atas tungku.\nDaripada duduk jauhan,\nmendingan abang pangku.",
    "tipe": "Pantun Cinta"
  },
  {
    "teks": "Ke kota ngajar sihir,\nmeski belum mahir,\ncinta ini takan berakhir,\nmeski hidup telah berakhir.",
    "tipe": "Pantun Cinta"
  },
  {
    "teks": "Terang bulan terang Cahaya\nCahaya memancar ke Tanjung Jati\nJika kau ingin hidup bahagia\nBeramal ibadah sebelum mati",
    "tipe": "Pantun Agama"
  },
  {
    "teks": "Nemu gelang di pekarangan\nTapi gelang sudah karatan\nSiapa nyampah sembarangan\nPasti pacarnya orang utan",
    "tipe": "Pantun Jenaka"
  },
  {
    "teks": "Kancil lompat lewat kawat\nHendak lari membeli jajan\nSapi siapa yang paling kuat\nItulah sapi Mbah Marijan",
    "tipe": "Pantun Anak-anak"
  },
  {
    "teks": "Nangka muda digulai lemak,\nBuah beri masak tersangkut.\nHarta dunia jangan ditamak,\nBila mati takkan mengikut.",
    "tipe": "Pantun Agama"
  },
  {
    "teks": "Pergi jalan-jalan,\njam 11 harus balik.\nGa ada penyesalan,\nkamulah yang terbaik.",
    "tipe": "Pantun Cinta"
  },
  {
    "teks": "Makan lepas solat zohor\nMinum air dari labu\nNama Shafie kekal masyhur\nBimbingan awal dari ibu",
    "tipe": "Pantun Ibu"
  },
  {
    "teks": "Rumah di kota amatlah bersih\nTempat bermain si orang kaya\nBerpantang mata berasa kasih\nJumpa yang lain lupakan saya",
    "tipe": "Pantun Cinta"
  },
  {
    "teks": "Pohon selasih tumbuh melata\nTumbuh perdu jauh di sana\nSepasang kasih mabuk bercinta\nSiang merindu malam merana",
    "tipe": "Pantun Cinta"
  },
  {
    "teks": "Begitu indah alam semesta\nLebih indah dari mutiara\nApakah tanda hatinya cinta\nPenuh kasih bersikap mesra",
    "tipe": "Pantun Cinta"
  },
  {
    "teks": "Siang-siang minum es\nMinumnya sambil nonton upin ipin\nKamu tau siapa itu orang sukses\nSukses itu adalah orang-orang rajin",
    "tipe": "Pantun Bijak"
  },
  {
    "teks": "Masak gulai sepikulan\nEnaknya tak ada lawan\nLemah gemulai bila berjalan\nDialah gadis yang menawan",
    "tipe": "Pantun Cinta"
  },
  {
    "teks": "Rajut kain dengan benang\nRajutnya oleh putri dayang\nAyah pulang hatiku senang\nWajah ibu juga kan riang",
    "tipe": "Pantun Anak-anak"
  },
  {
    "teks": "Terbang burung amat rendah\nTerbangnya dia ke utara\nSawah itu amat indah\nTerhampar bagai selendang sutra",
    "tipe": "Pantun Anak-anak"
  },
  {
    "teks": "Hari minggu mancing di kali,\ndi pinggiran melihat buaya.\nHidup di dunia hanya sekali,\nmaka jalani dengan sebaik-baiknya.",
    "tipe": "Pantun Agama"
  },
  {
    "teks": "Lebat daun bunga tanjung\nBerbau harum bunga cempaka\nAdat dijaga pusaka dijunjung\nBaru terpelihara adat pusaka",
    "tipe": "Pantun Adat"
  },
  {
    "teks": "Apa guna pergi mengaji\nkalau tidak pakai peci\napa guna anda berjanji\nkalau tidak ditepati",
    "tipe": "Pantun Budi"
  },
  {
    "teks": "buah salak baru dipetik\nbuah dukuh buah delima\nada banyak wanita cantik\ncuma kamu yg aku cinta",
    "tipe": "Pantun Cinta"
  },
  {
    "teks": "Daun terap di atas dulang\nAnak udang mati di tuba\nDalam kitab ada terlarang\nYang haram jangan dicoba",
    "tipe": "Pantun Agama"
  },
  {
    "teks": "Papan rengat dari rawa\nsemua orang ingin membawa\nCintamu hangat di dalam jiwa\nsaperti cahaya dari sang surya",
    "tipe": "Pantun Cinta"
  },
  {
    "teks": "Sayang rindu terbiar sakitan\npipi basah melurut rintisan\nTerbayang wajah sesegar ingatan\nRindu ayah bersalut tangisan..",
    "tipe": "Pantun Ayah"
  },
  {
    "teks": "Pisau tajam, pisau belati\nJangan tertipu pisau palsu\nCinta sejati timbul dari hati\nBukan timbul dari nafsu",
    "tipe": "Pantun Cinta"
  },
  {
    "teks": "Gadis Aceh berhati gundah\nMenanti teruna menghulur tepak\nGula manis sirih menyembah\nAdat dijunjung dipinggir tidak",
    "tipe": "Pantun Adat"
  },
  {
    "teks": "Pergi ke pasar membeli Kepah\nUntuk dimasak sambal pedas,,,,,\nTerima Kasih buat Ayah\nKasih dan sayangmu hanya Tuhan yg mampu membalas,,,",
    "tipe": "Pantun Ayah"
  },
  {
    "teks": "Bunga cina di atas batu\nDaunnya lepas ke dalam ruang\nAdat budaya tidak berlaku\nSebabnya emas budi terbuang",
    "tipe": "Pantun Budi"
  },
  {
    "teks": "Minum air dari labu\nBoleh dibawa bila berjalan\nBimbingan awal dari ibu\nSerta kasih yang berkekalan",
    "tipe": "Pantun Ibu"
  },
  {
    "teks": "Gagang golok,,gagang cangkul..,\nGagang cangkul juga gagang celurit..,\nGa bisa nyolok katanya tumpul..,\nBiarpun tumpul tetep hasilnya buncit.?",
    "tipe": "Pantun Jenaka"
  },
  {
    "teks": "Anak angsa mati lemas\nMati lemas di air masin\nHilang bahasa karena emas\nHilang budi karena miskin",
    "tipe": "Pantun Budi"
  },
  {
    "teks": "Badan siapa terkena kudis\nObati saja dengan lada\nSiang malam merayu gadis\nDuduk bersanding bersama janda 😀",
    "tipe": "Pantun Jenaka"
  },
  {
    "teks": "Kemuning daunnya lampai\nTubuh dijirat paduka tuan\nDiatas dunia kaul tak sampai\nDidalam surga ada penantian",
    "tipe": "Pantun Agama"
  },
  {
    "teks": "Memasak ikan di dalam peti\nPaling enak di campur terasi\nGayanya aja kayak selebriti\nTapi dompetnya kagak berisi",
    "tipe": "Pantun Jenaka"
  },
  {
    "teks": "Habis mandi pergi ke Mushola\nMushola tempat tuk mengaji\nGuru ikhlas ajari kita\nBertubi-tubi sampai kita pandai",
    "tipe": "Pantun Guru"
  },
  {
    "teks": "Hormatilah seorang guru\nAgar ilmu menjadi bermanfaat\nIkhlaslah dalam mencari ilmu\nInsyaallah kau kan bermartabat",
    "tipe": "Pantun Bijak"
  },
  {
    "teks": "Kemumu di dalam semak\nJatuh sehelai selarasnya\nMeski ilmu setinggi tegak\nTak sembahyang apa gunanya",
    "tipe": "Pantun Agama"
  },
  {
    "teks": "Bila todak melanda Singapura\nHabis dikerat dicincang lumat\nBila khianat pada manusia\nDunia akhirat takkan selamat",
    "tipe": "Pantun Agama"
  },
  {
    "teks": "Boleh dibawa bila berjalan\nKitab Shafie berjudul Risalah\nSerta kasih yang berkekalan\nKuat hubungan dengan Allah",
    "tipe": "Pantun Ibu"
  },
  {
    "teks": "Lebat daun bunga tanjung\nBerbau harum bunga cempaka\nAdat dijaga pusaka dijunjung\nBaru terpelihara adat pesaka",
    "tipe": "Pantun Adat"
  },
  {
    "teks": "Setiap berkata gunakan otak\nOtak berfikir demi pengetahuan\nSama-sama bibir bergerak\nPilihlah kata yang menyenagkan",
    "tipe": "Pantun Pendidikan"
  },
  {
    "teks": "Tanam ubi tanam tebu\nTanam pula di tepi paya\nTerima kasih kepada ibu\nMembesarkan kita hingga berjaya",
    "tipe": "Pantun Ibu"
  },
  {
    "teks": "Arjuna satria pandai memanah,\ndari negeri antah berantah.\nAgar rumah tangga sakinah,\ntaat pada apa yang diperintah.",
    "tipe": "Pantun Cinta"
  },
  {
    "teks": "Di pinggir kolam makan bubur\nJangan lupa pakai keripik\nDari semalem aye ga bisa tidur\nSelalu teringat wajah mu yang cantik",
    "tipe": "Pantun Jenaka"
  },
  {
    "teks": "Tupai lompat mencuri kentang,\nkentang habis tinggalah ikan.\nSholat magrib waktu petang,\njangan pernah kau tinggalkan.",
    "tipe": "Pantun Nasihat"
  },
  {
    "teks": "Lembayung di antara semak\nJatuh melayang ke dalam paya\nWalau ilmu setinggi tegak\nTidak sembahyang apa gunanya",
    "tipe": "Pantun Agama"
  },
  {
    "teks": "Pergi ke sawah membawa cangkul\nMembawa bekal semangkok soto\nJika kamu merasa anak gaul\nApa bahasa inggrisnya nenek - nenek salto ?\n( Jawabannya : Believe it or not )",
    "tipe": "Pantun Teka-Teki"
  },
  {
    "teks": "Buah apel berwarna merah\nKetika digidit renyah sekali\nHasil kita bersusah payah\nMenjaga kesehatan yang hakiki",
    "tipe": "Pantun Berbalas"
  },
  {
    "teks": "Buah nanas buah naga\nEnak disantap dikala senja\nDikala muda sudah terbiasa\nSaat menua merasakan hasilnya",
    "tipe": "Pantun Berbalas"
  },
  {
    "teks": "Kain tenun dari sumbawa\nKain batik dari pekalongan\nKalau ingin jadi mahasiswa\nSekolah Dasar jangan diabaikan",
    "tipe": "Pantun Pendidikan"
  },
  {
    "teks": "Dulang bukan sembarang dulang\nDulang besar melebihi rantang\nBolang bukan sembarang bolang\nBolang berani menyerah pantang",
    "tipe": "Pantun Anak-anak"
  },
  {
    "teks": "Hujan gerimis deraslah amat..\nAda kilat bertabrakan..\nHari kamis malam jumat..\nYang mau kumat dipersilahkan",
    "tipe": "Pantun Jenaka"
  },
  {
    "teks": "Anak kecil berkepang pita\nHendak berangkat main ke kota\nPadamu aku jatuh cinta\nSiang malam tampak di mata",
    "tipe": "Pantun Cinta"
  },
  {
    "teks": "Kadang salah kadang benar\nKadang terang kadang bunar\nRajinlah belajar\nAgar kamu menjadi pintar",
    "tipe": "Pantun Bijak"
  },
  {
    "teks": "Tukang bakso berbaju biru\nSedang keliling kampung berjualan\nJustru kamu sebagai orang baru\nMulai menyapa untuk berkenalan",
    "tipe": "Pantun Berbalas"
  },
  {
    "teks": "Naik delman ditarik kuda,\nMelewati desa dan rawa-rawa.\nHarta tak dibawa saat kau tiada,\nAmal Sholeh yang akan kau bawa.",
    "tipe": "Pantun Agama"
  },
  {
    "teks": "Asam kandis asam gelugur\nKedua ayam si riang-riang\nMenangis mayat di pintu kubur\nTeringat badan tidak sembahyang",
    "tipe": "Pantun Agama"
  },
  {
    "teks": "Jikalau tuan tajuk cendana,\nAmbil gantang jemurkan pala,\nJikalau tuan memang bijaksana,\nBinatang apa ekor di kepala?\n(Jawabannya: Gajah)",
    "tipe": "Pantun Teka-Teki"
  },
  {
    "teks": "Boleh masak gulai lemak\nMakan lepas solat zohor\nKesan tarbiyah oleh ulamak\nNama Shafie kekal masyhur",
    "tipe": "Pantun Ibu"
  },
  {
    "teks": "Redup bulan nampak akan hujan\nPasang pelita sampai berjelaga\nHidup mati di tangan Tuhan\nTiada siapa dapat menduga",
    "tipe": "Pantun Agama"
  },
  {
    "teks": "Orang dahulu hidup di goa\nBiawak hidup di dalam rawa\nIkuti perintah orang tua\nTiap solat tak lupa berdoa",
    "tipe": "Pantun Nasihat"
  },
  {
    "teks": "Ikan gabus di rawa-rawa,\nIkan belut nyangkut di jaring,\nPerutku sakit menahan tawa,\nGigi palsu loncat ke piring",
    "tipe": "Pantun Jenaka"
  },
  {
    "teks": "Membentang luas langit biru,\nlangit senja bagai perunggu.\nSolat subuh harus diburu,\npahala besar selalu menunggu.",
    "tipe": "Pantun Nasihat"
  },
  {
    "teks": "Monyet berlari mengejar kamu\nBerlari menabrak pintu\nKutuntut ilmi dari guruku\nUntuk meraih cita-citaku",
    "tipe": "Pantun Guru"
  },
  {
    "teks": "Soimah Bersama anak laki-laki\nDuduk makan keropok lekor\nYang mengejar tak berkaki\nYang dikejar tak ber ekor?\n(Jawabnya: Ular dan Katak)",
    "tipe": "Pantun Teka-Teki"
  },
  {
    "teks": "Jangan suka bermain tali\nKalau tak ingin terikat olehnya\nPutus cinta jangan disesali\nPasti kan datang cinta yang lainnya",
    "tipe": "Pantun Cinta"
  },
  {
    "teks": "Kalau memagar rumpun bawang\nPagar dahulu lapis berlapis\nKalau mendengar pengaduan orang\nDengarkan dulu habis-habis",
    "tipe": "Pantun Nasihat"
  },
  {
    "teks": "Sarat perahu muat pinang\nSinggah berlabuh di Kuala Daik\nJahat berlaku lagi dikenang\nInikan pula budi yang baik",
    "tipe": "Pantun Budi"
  },
  {
    "teks": "Tuan puteri belajar menari\nTari diajar oleh Pak Harun\nKalau Tuan bijak bestari\nApa yang naik tak pernah turun?\n(umur)",
    "tipe": "Pantun Teka-Teki"
  },
  {
    "teks": "Meski dibungkus bukan kiriman,\nSudah takdir Allah yang satu,\nWalau ditanam bukan tanaman,\nCobalah terka apakah itu?\n(Jawabannya: Mayat/jenazah)",
    "tipe": "Pantun Teka-Teki"
  },
  {
    "teks": "Ada burung cendrawasih,\nmakan duku sampe  modar,\npercayalah kasih,\nkasih sayangku takkan pernah pudar.",
    "tipe": "Pantun Cinta"
  },
  {
    "teks": "Gunung Merapi, Gunung Merbabu,\ntansah jejer kaya sedulur kembar\nAku sing wis tau nglaraake atimu\nnjaluk samudra pangapuramu kang jembar",
    "tipe": "Pantun Bahasa Jawa"
  },
  {
    "teks": "Jangan suka mencabut padi\nKalau dicabut hilang buahnya\nJangan suka menyebut budi\nKalau disebut hilang tuahnya",
    "tipe": "Pantun Nasihat"
  },
  {
    "teks": "Sepah tebu rasanya hambar\nBila dibakar pasti berkobar\nJika engkau slalu bersabar\nIlmumu pasti kan lebar",
    "tipe": "Pantun Nasihat"
  },
  {
    "teks": "Ikan duyung ikan sapu\nBurung irian burung cendrawasih\nItulah pantun lucu dariku\nCukup sekian dan terima kasih",
    "tipe": "Pantun Jenaka"
  },
  {
    "teks": "jangan suka makan mentimun\nkarna banyak getahnya\nhai kawan jangan melamun\nmelamun itu tak ada gunanya",
    "tipe": "Pantun Jenaka"
  },
  {
    "teks": "Terang bulan indah bercahaya\nCahaya memancar ke Tanjung Jati\nJika engkau hendak bahagia\nBeramal Ibadat sebelum mati",
    "tipe": "Pantun Agama"
  },
  {
    "teks": "Beli penggaris dari mika\nCicak menatap hati merenung\nKemana yang kamu suka\nLiburan ke pantai atau gunung",
    "tipe": "Pantun Anak-anak"
  },
  {
    "teks": "Kolang kaling es kelapa\nCampur sedikit daun bidara\nAyah pulang bawa apa\nPastilah Ayah bawa gembira",
    "tipe": "Pantun Anak-anak"
  },
  {
    "teks": "Pagi-pagi baca koran\nSemoga saja kamu kurang\nJangan lupa baca Al-Quran\nSemoga saja harimu terang",
    "tipe": "Pantun Bijak"
  },
  {
    "teks": "Kursi kuat dari kayu jati\nMembelinya di sukarame\nJika kau permpuan sejati\nAlis - alis apa yang bikin rame ?\n( Jawabannya : Alisan ibu - ibu )",
    "tipe": "Pantun Teka-Teki"
  },
  {
    "teks": "Jalan-jalan ke Kota Blitar\njangan lupa beli sukun\nJika kamu ingin pintar\nBelajarlah dengan tekun",
    "tipe": "Pantun Nasihat"
  },
  {
    "teks": "Ke jakarta naiklah pesawat..,\nPesawat terbang, landingnya susah..,\nKalau cinta sudah melekat..,\nSiang terbayang, malam mimpi basah..",
    "tipe": "Pantun Jenaka"
  },
  {
    "teks": "Sang saka merah putih berkibar bebas\nKarena pahlawan-pahlawan yang ikhlas\nMemperjuangkan Indonesea agar terlepas\nDari penjajah yang sadis dan pemeras",
    "tipe": "Pantun Kemerdekaan"
  },
  {
    "teks": "Pagi hari ditemani sang surya\nHangat tubuh karna sinarnya\nBelajarlah setinggi-tingginya\nLalu pulanglah berdakwah sesama",
    "tipe": "Pantun Bijak"
  },
  {
    "teks": "Pohon jati kuat kayunya\nPohon kapuk tinggi batangnya\nMurid rajin banyak ilmunya\nMurid malas banyak bohongnya",
    "tipe": "Pantun Pendidikan"
  },
  {
    "teks": "Jika petang suasana sepi\nHanya angin yang menderu\nAda juga karapan sapi\nSapi balapan tambah seru",
    "tipe": "Pantun Anak-anak"
  },
  {
    "teks": "Pasar baru pusatnya kain\nAwas dompet jangan hilang\nDesa tempatnya bermain\nBagai bolang berpetualang",
    "tipe": "Pantun Anak-anak"
  },
  {
    "teks": "Anak itik mulailah terbang\nAmbilkan dedak berilah makan\nJanganlah adik merasa bimbang\nSegala kehendak abang tunaikan",
    "tipe": "Pantun Cinta"
  }
]