[
	{
	"id" : 1,
	"name": "Niat Sholat Subuh",
	"arabic":  "اُصَلِّى فَرْضَ الصُّبْحِ رَكْعَتَيْنِ مُسْتَقْبِلَ الْقِبْلَةِ اَدَاءً ِللهِ تَعَالَى",
	"latin" : "Ushalli fardhosh shubhi rok'ataini mustaqbilal qiblati adaa-an lillaahi ta'aala",
	"terjemahan" : "Aku berniat shalat fardhu Shubuh dua raka'at menghadap kiblat karena Allah Ta'ala"
	},
    {
    "id" : 2,
	"name": "Niat Sholat Dzuhur",
	"arabic":  "اُصَلِّى فَرْضَ الظُّهْرِاَرْبَعَ رَكَعَاتٍ مُسْتَقْبِلَ الْقِبْلَةِ اَدَاءً ِللهِ تَعَالَى",
	"latin" : "Ushalli fardhodl dhuhri arba'a raka'aatim mustaqbilal qiblati adaa-an lillaahi ta'aala",
	"terjemahan" : "Aku berniat shalat fardhu Dzuhur empat raka'at menghadap kiblat karena Allah Ta'ala"
	},
	{
	"id" : 3,
	"name": "Niat Sholat Ashar",
	"arabic":  "اُصَلِّى فَرْضَ الْعَصْرِاَرْبَعَ رَكَعَاتٍ مُسْتَقْبِلَ الْقِبْلَةِ اَدَاءً ِللهِ تَعَالَى",
	"latin" : "Ushalli fardhol 'ashri arba'a raka'aatim mustaqbilal qiblati adaa-an lillaahi ta'aala",
	"terjemahan" : "Aku berniat shalat fardhu 'Ashar empat raka'at menghadap kiblat karena Allah Ta'ala"
	},
	{
	"id" : 4,
	"name": "Niat Sholat Maghrib",
	"arabic":  "اُصَلِّى فَرْضَ الْمَغْرِبِ ثَلاَثَ رَكَعَاتٍ مُسْتَقْبِلَ الْقِبْلَةِ اَدَاءً ِللهِ تَعَالَى",
	"latin" : "Ushalli fardhol maghribi tsalaata raka'aatim mustaqbilal qiblati adaa-an lillaahi ta'aala",
	"terjemahan" : "Aku berniat shalat fardhu Maghrib tiga raka'at menghadap kiblat karena Allah Ta'ala"
	},
	{
	"id" : 5,
	"name": "Niat Sholat Isya",
	"arabic":  "اُصَلِّى فَرْضَ الْعِشَاءِ اَرْبَعَ رَكَعَاتٍ مُسْتَقْبِلَ الْقِبْلَةِ اَدَاءً ِللهِ تَعَالَى",
	"latin" : "Ushalli fardhol 'isyaa-i arba'a raka'aatim mustaqbilal qiblati adaa-an lillaahi ta'aala",
	"terjemahan" : "Aku berniat shalat fardhu Isya empat raka'at menghadap kiblat karena Allah Ta'ala"
	}

]
