[
    {
        "index": 1,
        "latin": "Ar Rahman",
        "arabic": "الرَّحْمَنُ",
        "translation_id": "Yang Memiliki Mutlak sifat Pemurah",
        "translation_en": "The All Beneficent"
    },
    {
        "index": 2,
        "latin": "Ar Rahiim",
        "arabic": "الرَّحِيمُ",
        "translation_id": "Yang Memiliki Mutlak sifat Penyayang",
        "translation_en": "The Most Merciful"
    },
    {
        "index": 3,
        "latin": "Al Malik",
        "arabic": "الْمَلِكُ",
        "translation_id": "Yang Memiliki Mutlak sifat Merajai/Memerintah",
        "translation_en": "The King, The Sovereign"
    },
    {
        "index": 4,
        "latin": "Al Quddus",
        "arabic": "الْقُدُّوسُ",
        "translation_id": "Yang Memiliki Mutlak sifat Suci",
        "translation_en": "The Most Holy"
    },
    {
        "index": 5,
        "latin": "As Salaam",
        "arabic": "السَّلاَمُ",
        "translation_id": "Yang Memiliki Mutlak sifat Memberi Kesejahteraan",
        "translation_en": "Peace and Blessing"
    },
    {
        "index": 6,
        "latin": "Al Mu’min",
        "arabic": "الْمُؤْمِنُ",
        "translation_id": "Yang Memiliki Mutlak sifat Memberi Keamanan",
        "translation_en": "The Guarantor"
    },
    {
        "index": 7,
        "latin": "Al Muhaimin",
        "arabic": "الْمُهَيْمِنُ",
        "translation_id": "Yang Memiliki Mutlak sifat Pemelihara",
        "translation_en": "The Guardian, the Preserver"
    },
    {
        "index": 8,
        "latin": "Al ‘Aziiz",
        "arabic": "الْعَزِيزُ",
        "translation_id": "Yang Memiliki Mutlak Kegagahan",
        "translation_en": "The Almighty, the Self Sufficient"
    },
    {
        "index": 9,
        "latin": "Al Jabbar",
        "arabic": "الْجَبَّارُ",
        "translation_id": "Yang Memiliki Mutlak sifat Perkasa",
        "translation_en": "The Powerful, the Irresistible"
    },
    {
        "index": 10,
        "latin": "Al Mutakabbir",
        "arabic": "الْمُتَكَبِّرُ",
        "translation_id": "Yang Memiliki Mutlak sifat Megah,Yang Memiliki Kebesaran",
        "translation_en": "The Tremendous"
    },
    {
        "index": 11,
        "latin": "Al Khaliq",
        "arabic": "الْخَالِقُ",
        "translation_id": "Yang Memiliki Mutlak sifat Pencipta",
        "translation_en": "The Creator"
    },
    {
        "index": 12,
        "latin": "Al Baari’",
        "arabic": "الْبَارِئُ",
        "translation_id": "Yang Memiliki Mutlak sifat Yang Melepaskan(Membuat, Membentuk, Menyeimbangkan)",
        "translation_en": "The Maker"
    },
    {
        "index": 13,
        "latin": "Al Mushawwir",
        "arabic": "الْمُصَوِّرُ",
        "translation_id": "Yang Memiliki Mutlak sifat Yang Membentuk Rupa (makhluknya)",
        "translation_en": "The Fashioner of Forms"
    },
    {
        "index": 14,
        "latin": "Al Ghaffaar",
        "arabic": "الْغَفَّارُ",
        "translation_id": "Yang Memiliki Mutlak sifat Pengampun",
        "translation_en": "The Ever Forgiving"
    },
    {
        "index": 15,
        "latin": "Al Qahhaar",
        "arabic": "الْقَهَّارُ",
        "translation_id": "Yang Memiliki Mutlak sifat Memaksa",
        "translation_en": "The All Compelling Subduer"
    },
    {
        "index": 16,
        "latin": "Al Wahhaab",
        "arabic": "الْوَهَّابُ",
        "translation_id": "Yang Memiliki Mutlak sifat Maha Pemberi Karunia",
        "translation_en": "The Bestower"
    },
    {
        "index": 17,
        "latin": "Al Fattaah",
        "arabic": "الْفَتَّاحُ",
        "translation_id": "Yang Memiliki Mutlak sifat Pembuka Rahmat",
        "translation_en": "The Opener, the Victory Giver"
    },
    {
        "index": 18,
        "latin": "Al Malik",
        "arabic": "الْمَلِكُ",
        "translation_id": "Yang Memiliki Mutlak sifat Merajai/Memerintah",
        "translation_en": "The King, The Sovereign"
    },
    {
        "index": 19,
        "latin": "Al Qaabidh",
        "arabic": "الْقَابِضُ",
        "translation_id": "Yang Memiliki Mutlak sifat Mengekang",
        "translation_en": "The Restrainer, the Straightener"
    },
    {
        "index": 20,
        "latin": "Al Baasit",
        "arabic": "الْبَاسِطُ",
        "translation_id": "Yang Memiliki Mutlak sifat Melapangkan",
        "translation_en": "The Expander, the Munificent"
    },
    {
        "index": 21,
        "latin": "Al Khaafidh",
        "arabic": "الْخَافِضُ",
        "translation_id": "Yang Memiliki Mutlak sifat Merendahkan",
        "translation_en": "The Abaser"
    },
    {
        "index": 22,
        "latin": "Al Raafi’",
        "arabic": "الرَّافِعُ",
        "translation_id": "Yang Memiliki Mutlak sifat Meninggikan",
        "translation_en": "The Exalter"
    },
    {
        "index": 23,
        "latin": "Al Mu’izz",
        "arabic": "الْمُعِزُّ",
        "translation_id": "Yang Memiliki Mutlak sifat Memberi Kegagahan",
        "translation_en": "The Bestower of Honors"
    },
    {
        "index": 24,
        "latin": "Al Mudzil",
        "arabic": "الْمُذِلُّ",
        "translation_id": "Yang Memiliki Mutlak sifat Merendahkan",
        "translation_en": "The Humiliator"
    },
    {
        "index": 25,
        "latin": "Al Samii’",
        "arabic": "السَّمِيعُ",
        "translation_id": "Yang Memiliki Mutlak sifat Maha Mendengar",
        "translation_en": "The All Hearing"
    },
    {
        "index": 26,
        "latin": "Al Bashiir",
        "arabic": "الْبَصِيرُ",
        "translation_id": "Yang Memiliki Mutlak sifat Maha Melihat",
        "translation_en": "The All Seeing"
    },
    {
        "index": 27,
        "latin": "Al Hakam",
        "arabic": "الْحَكَمُ",
        "translation_id": "Yang Memiliki Mutlak sifat Maha Menentukan",
        "translation_en": "The Impartial Judge"
    },
    {
        "index": 28,
        "latin": "Al ‘Adl",
        "arabic": "الْعَدْلُ",
        "translation_id": "Yang Memiliki Mutlak sifat Maha Adil",
        "translation_en": "The Utterly Just"
    },
    {
        "index": 29,
        "latin": "Al Lathiif",
        "arabic": "اللَّطِيفُ",
        "translation_id": "Yang Memiliki Mutlak sifat Maha Lembut",
        "translation_en": "The Subtly Kind"
    },
    {
        "index": 30,
        "latin": "Al Khabiir",
        "arabic": "الْخَبِيرُ",
        "translation_id": "Yang Memiliki Mutlak sifat Maha Mengetahui",
        "translation_en": "The All Aware"
    },
    {
        "index": 31,
        "latin": "Al Haliim",
        "arabic": "الْحَلِيمُ",
        "translation_id": "Yang Memiliki Mutlak sifat Maha Penyantun",
        "translation_en": "The Forbearing"
    },
    {
        "index": 32,
        "latin": "Al ‘Adhiim",
        "arabic": "الْعَظِيمُ",
        "translation_id": "Yang Memiliki Mutlak sifat Maha Agung",
        "translation_en": "The Magnificent"
    },
    {
        "index": 33,
        "latin": "Al Ghafuur",
        "arabic": "الْغَفُورُ",
        "translation_id": "Yang Memiliki Mutlak sifat Pengampun",
        "translation_en": "The All Forgiving"
    },
    {
        "index": 34,
        "latin": "Al Syakuur",
        "arabic": "الشَّكُورُ",
        "translation_id": "Yang Memiliki Mutlak sifat Maha Pembalas Budi",
        "translation_en": "The Grateful"
    },
    {
        "index": 35,
        "latin": "Al ‘Aliyy",
        "arabic": "الْعَلِيُّ",
        "translation_id": "Yang Memiliki Mutlak sifat Maha Tinggi",
        "translation_en": "The Sublimely Exalted"
    },
    {
        "index": 36,
        "latin": "Al Kabiir",
        "arabic": "الْكَبِيرُ",
        "translation_id": "Yang Memiliki Mutlak sifat Maha Besar",
        "translation_en": "The Great"
    },
    {
        "index": 37,
        "latin": "Al Hafizh",
        "arabic": "الْحَفِيظُ",
        "translation_id": "Yang Memiliki Mutlak sifat Maha Memelihara",
        "translation_en": "The Preserver"
    },
    {
        "index": 38,
        "latin": "Al Muqiit",
        "arabic": "الْمُقِيتُ",
        "translation_id": "Yang Memiliki Mutlak sifat Maha Pemberi Kecukupan",
        "translation_en": "The Nourisher"
    },
    {
        "index": 39,
        "latin": "Al Hasiib",
        "arabic": "الْحَسِيبُ",
        "translation_id": "Yang Memiliki Mutlak sifat Maha Membuat Perhitungan",
        "translation_en": "The Reckoner"
    },
    {
        "index": 40,
        "latin": "Al Jaliil",
        "arabic": "الْجَلِيلُ",
        "translation_id": "Yang Memiliki Mutlak sifat Maha Luhur",
        "translation_en": "The Majestic"
    },
    {
        "index": 41,
        "latin": "Al Kariim",
        "arabic": "الْكَرِيمُ",
        "translation_id": "Yang Memiliki Mutlak sifat Maha Pemurah",
        "translation_en": "The Bountiful, the Generous"
    },
    {
        "index": 42,
        "latin": "Al Raqiib",
        "arabic": "الرَّقِيبُ",
        "translation_id": "Yang Memiliki Mutlak sifat Maha Mengawasi",
        "translation_en": "The Watchful"
    },
    {
        "index": 43,
        "latin": "Al Mujiib",
        "arabic": "الْمُجِيبُ",
        "translation_id": "Yang Memiliki Mutlak sifat Maha Mengabulkan",
        "translation_en": "The Responsive"
    },
    {
        "index": 44,
        "latin": "Al Wasi’",
        "arabic": "الْوَاسِعُ",
        "translation_id": "Yang Memiliki Mutlak sifat Maha Luas Karunia-Nya",
        "translation_en": "The Vast"
    },
    {
        "index": 45,
        "latin": "Al Hakiim",
        "arabic": "الْحَكِيمُ",
        "translation_id": "Yang Memiliki Mutlak sifat Maha Bijaksana",
        "translation_en": "The Wise"
    },
    {
        "index": 46,
        "latin": "Al Waduud",
        "arabic": "الْوَدُودُ",
        "translation_id": "Yang Memiliki Mutlak sifat Maha Mencintai",
        "translation_en": "The Loving"
    },
    {
        "index": 47,
        "latin": "Al Majiid",
        "arabic": "الْمَجِيدُ",
        "translation_id": "Yang Memiliki Mutlak sifat Maha Mulia",
        "translation_en": "The Glorious"
    },
    {
        "index": 48,
        "latin": "Al Baa’its",
        "arabic": "الْبَاعِثُ",
        "translation_id": "Yang Memiliki Mutlak sifat Maha Membangkitkan",
        "translation_en": "The Resurrector"
    },
    {
        "index": 49,
        "latin": "Al Syahiid",
        "arabic": "الشَّهِيدُ",
        "translation_id": "Yang Memiliki Mutlak sifat Maha Menyaksikan",
        "translation_en": "The Witness"
    },
    {
        "index": 50,
        "latin": "Al Haqq",
        "arabic": "الْحَقُّ",
        "translation_id": "Yang Memiliki Mutlak sifat Maha Benar",
        "translation_en": "The Truth"
    },
    {
        "index": 51,
        "latin": "Al Wakiil",
        "arabic": "الْوَكِيلُ",
        "translation_id": "Yang Memiliki Mutlak sifat Maha Memelihara",
        "translation_en": "The Trustee, the Disposer of Affairs"
    },
    {
        "index": 52,
        "latin": "Al Qawiyy",
        "arabic": "الْقَوِيُّ",
        "translation_id": "Yang Memiliki Mutlak sifat Maha Kuat",
        "translation_en": "The Strong"
    },
    {
        "index": 53,
        "latin": "Al Matiin",
        "arabic": "الْمَتِينُ",
        "translation_id": "Yang Memiliki Mutlak sifat Maha Kokoh",
        "translation_en": "The Firm"
    },
    {
        "index": 54,
        "latin": "Al Waliyy",
        "arabic": "الْوَلِيُّ",
        "translation_id": "Yang Memiliki Mutlak sifat Maha Melindungi",
        "translation_en": "The Protector"
    },
    {
        "index": 55,
        "latin": "Al Hamiid",
        "arabic": "الْحَمِيدُ",
        "translation_id": "Yang Memiliki Mutlak sifat Maha Terpuji",
        "translation_en": "The Praiseworthy"
    },
    {
        "index": 56,
        "latin": "Al Muhshi",
        "arabic": "الْمُحْصِي",
        "translation_id": "Yang Memiliki Mutlak sifat Maha Mengalkulasi",
        "translation_en": "The Reckoner"
    },
    {
        "index": 57,
        "latin": "Al Mubdi’",
        "arabic": "الْمُبْدِئُ",
        "translation_id": "Yang Memiliki Mutlak sifat Maha Memulai",
        "translation_en": "The Originator"
    },
    {
        "index": 58,
        "latin": "Al Mu’iid",
        "arabic": "الْمُعِيدُ",
        "translation_id": "Yang Memiliki Mutlak sifat Maha Mengembalikan Kehidupan",
        "translation_en": "The Restorer"
    },
    {
        "index": 59,
        "latin": "Al Muhyii",
        "arabic": "الْمُحْيِي",
        "translation_id": "Yang Memiliki Mutlak sifat Maha Menghidupkan",
        "translation_en": "The Giver of Life"
    },
    {
        "index": 60,
        "latin": "Al Mumiitu",
        "arabic": "الْمُمِيتُ",
        "translation_id": "Yang Memiliki Mutlak sifat Maha Mematikan",
        "translation_en": "The Taker of Life"
    },
    {
        "index": 61,
        "latin": "Al Hayy",
        "arabic": "الْحَيُّ",
        "translation_id": "Yang Memiliki Mutlak sifat Maha Hidup",
        "translation_en": "The Ever Living"
    },
    {
        "index": 62,
        "latin": "Al Qayyuum",
        "arabic": "الْقَيُّومُ",
        "translation_id": "Yang Memiliki Mutlak sifat Maha Mandiri",
        "translation_en": "The Self Subsisting"
    },
    {
        "index": 63,
        "latin": "Al Waajid",
        "arabic": "الْوَاجِدُ",
        "translation_id": "Yang Memiliki Mutlak sifat Maha Penemu",
        "translation_en": "The Perceiver"
    },
    {
        "index": 64,
        "latin": "Al Maajid",
        "arabic": "الْمَاجِدُ",
        "translation_id": "Yang Memiliki Mutlak sifat Maha Mulia",
        "translation_en": "The Illustrious"
    },
    {
        "index": 65,
        "latin": "Al Wahid",
        "arabic": "الْوَاحِدُ",
        "translation_id": "Yang Memiliki Mutlak sifat Maha Tunggal",
        "translation_en": "The One"
    },
    {
        "index": 66,
        "latin": "Al Ahad",
        "arabic": "الْأَحَدُ",
        "translation_id": "Yang Memiliki Mutlak sifat Maha Esa",
        "translation_en": "The Unique"
    },
    {
        "index": 67,
        "latin": "Al Shamad",
        "arabic": "الصَّمَدُ",
        "translation_id": "Yang Memiliki Mutlak sifat Maha Dibutuhkan",
        "translation_en": "The Eternal Refuge"
    },
    {
        "index": 68,
        "latin": "Al Qaadir",
        "arabic": "الْقَادِرُ",
        "translation_id": "Yang Memiliki Mutlak sifat Maha Berkuasa",
        "translation_en": "The All Powerful"
    },
    {
        "index": 69,
        "latin": "Al Muqtadir",
        "arabic": "الْمُقْتَدِرُ",
        "translation_id": "Yang Memiliki Mutlak sifat Maha Berkuasa",
        "translation_en": "The Omnipotent"
    },
    {
        "index": 70,
        "latin": "Al Muqaddim",
        "arabic": "الْمُقَدِّمُ",
        "translation_id": "Yang Memiliki Mutlak sifat Maha Mendahulukan",
        "translation_en": "The Expediter, the Promoter"
    },
    {
        "index": 71,
        "latin": "Al Mu’akhkhir",
        "arabic": "الْمُؤَخِّرُ",
        "translation_id": "Yang Memiliki Mutlak sifat Maha Menunda",
        "translation_en": "The Delayer, the Retarder"
    },
    {
        "index": 72,
        "latin": "Al Awwal",
        "arabic": "الْأَوَّلُ",
        "translation_id": "Yang Memiliki Mutlak sifat Maha Awal",
        "translation_en": "The First"
    },
    {
        "index": 73,
        "latin": "Al Aakhir",
        "arabic": "الْآخِرُ",
        "translation_id": "Yang Memiliki Mutlak sifat Maha Akhir",
        "translation_en": "The Last"
    },
    {
        "index": 74,
        "latin": "Az Zhaahir",
        "arabic": "الظَّاهِرُ",
        "translation_id": "Yang Memiliki Mutlak sifat Maha Nyata",
        "translation_en": "The Manifest"
    },
    {
        "index": 75,
        "latin": "Al Baathin",
        "arabic": "الْبَاطِنُ",
        "translation_id": "Yang Memiliki Mutlak sifat Maha Ghaib",
        "translation_en": "The Hidden"
    },
    {
        "index": 76,
        "latin": "Al Waliyy",
        "arabic": "الْوَالِي",
        "translation_id": "Yang Memiliki Mutlak sifat Maha Melindungi",
        "translation_en": "The Protecting Friend"
    },
    {
        "index": 77,
        "latin": "Al Muta’ali",
        "arabic": "الْمُتَعَالِي",
        "translation_id": "Yang Memiliki Mutlak sifat Maha Tinggi",
        "translation_en": "The Supreme"
    },
    {
        "index": 78,
        "latin": "Al Barru",
        "arabic": "الْبَرُّ",
        "translation_id": "Yang Memiliki Mutlak sifat Maha Melaksanakan",
        "translation_en": "The Doer of Good"
    },
    {
        "index": 79,
        "latin": "At Tawwaab",
        "arabic": "التَّوَابُ",
        "translation_id": "Yang Memiliki Mutlak sifat Maha Penerima Taubat",
        "translation_en": "The Ever Relenting"
    },
    {
        "index": 80,
        "latin": "Al Muntaqim",
        "arabic": "الْمُنْتَقِمُ",
        "translation_id": "Yang Memiliki Mutlak sifat Maha Menuntut Balas",
        "translation_en": "The Avenger"
    },
    {
        "index": 81,
        "latin": "Al ‘Afuww",
        "arabic": "الْعَفُوُّ",
        "translation_id": "Yang Memiliki Mutlak sifat Maha Pengampun",
        "translation_en": "The Pardoner"
    },
    {
        "index": 82,
        "latin": "Ar Ra’uuf",
        "arabic": "الرَّؤُوفُ",
        "translation_id": "Yang Memiliki Mutlak sifat Maha Penyayang",
        "translation_en": "The Kind"
    },
    {
        "index": 83,
        "latin": "Malik Al Mulk",
        "arabic": "مَالِكُ الْمُلْكُ",
        "translation_id": "Yang Memiliki Mutlak sifat Maha Penguasa Kerajaan",
        "translation_en": "The Sovereign Lord of the Kingdom"
    },
    {
        "index": 84,
        "latin": "Dzul Jalaali Wal Ikraam",
        "arabic": "ذُو الْجَلَالِ وَالْإِكْرَامِ",
        "translation_id": "Yang Memiliki Mutlak sifat Maha Pemilik Keagungan dan Kemuliaan",
        "translation_en": "The Lord of Majesty and Generosity"
    },
    {
        "index": 85,
        "latin": "Al Muqsith",
        "arabic": "الْمُقْسِطُ",
        "translation_id": "Yang Memiliki Mutlak sifat Maha Adil",
        "translation_en": "The Equitable, the Requiter"
    },
    {
        "index": 86,
        "latin": "Al Jaami’",
        "arabic": "الْجَامِعُ",
        "translation_id": "Yang Memiliki Mutlak sifat Maha Pengumpul",
        "translation_en": "The Gatherer"
    },
    {
        "index": 87,
        "latin": "Al Ghaniyy",
        "arabic": "الْغَنِيُّ",
        "translation_id": "Yang Memiliki Mutlak sifat Maha Kaya",
        "translation_en": "The Self Sufficient"
    },
    {
        "index": 88,
        "latin": "Al Mughnii",
        "arabic": "الْمُغْنِي",
        "translation_id": "Yang Memiliki Mutlak sifat Maha Mencukupi",
        "translation_en": "The Enricher"
    },
    {
        "index": 89,
        "latin": "Al Maani’",
        "arabic": "الْمَانِعُ",
        "translation_id": "Yang Memiliki Mutlak sifat Maha Mencegah",
        "translation_en": "The Preventer of Harm"
    },
    {
        "index": 90,
        "latin": "Ad Dhaar",
        "arabic": "الضَّارَّ",
        "translation_id": "Yang Memiliki Mutlak sifat Maha Memberi Kemudharatan",
        "translation_en": "The Distressor"
    },
    {
        "index": 91,
        "latin": "An Nafi’",
        "arabic": "النَّافِعُ",
        "translation_id": "Yang Memiliki Mutlak sifat Maha Memberi Manfaat",
        "translation_en": "The Bestower of Benefits"
    },
    {
        "index": 92,
        "latin": "An Nur",
        "arabic": "النُّورُ",
        "translation_id": "Yang Memiliki Mutlak sifat Maha Bercahaya",
        "translation_en": "The Light"
    },
    {
        "index": 93,
        "latin": "Al Haadi",
        "arabic": "الْهَادِي",
        "translation_id": "Yang Memiliki Mutlak sifat Maha Pemberi Petunjuk",
        "translation_en": "The Guide"
    },
    {
        "index": 94,
        "latin": "Al Badi’",
        "arabic": "الْبَدِيعُ",
        "translation_id": "Yang Memiliki Mutlak sifat Maha Menciptakan dari Tiada",
        "translation_en": "The Incomparable, the Originator"
    },
    {
        "index": 95,
        "latin": "Al Baaqii",
        "arabic": "الْبَاقِي",
        "translation_id": "Yang Memiliki Mutlak sifat Maha Kekal",
        "translation_en": "The Everlasting"
    },
    {
        "index": 96,
        "latin": "Al Waarits",
        "arabic": "الْوَارِثُ",
        "translation_id": "Yang Memiliki Mutlak sifat Maha Pewaris",
        "translation_en": "The Inheritor"
    },
    {
        "index": 97,
        "latin": "Ar Rasyiid",
        "arabic": "الرَّشِيدُ",
        "translation_id": "Yang Memiliki Mutlak sifat Maha Bijaksana",
        "translation_en": "The Guide to the Right Path"
    },
    {
        "index": 98,
        "latin": "As Shabuur",
        "arabic": "الصَّبُورُ",
        "translation_id": "Yang Memiliki Mutlak sifat Maha Penyantun",
        "translation_en": "The Patient"
    }
]
